Date,Team_1,Team_2,T1AEM,T1AOE,T1ADE,T1AT,T1Luck,T1SOSR,T1AAOEOO,T1AADEOO,T1NCSOSR,T2AEM,T2AOE,T2ADE,T2AT,T2Luck,T2SOSR,T2AAOEOO,T2AADEOO,T2NCSOSR,Team_1_Score,Team_2_Score
1-31-23,Mississippi St.,South Carolina,14.63,105.6,91.0,63.7,-0.017,5.66,105.9,100.3,-3.24,-6.69,101.2,107.8,64.4,0.074,4.01,106.9,102.9,-3.25,66,51
1-31-23,Wake Forest,Duke,10.73,114.9,104.1,68.9,-0.011,5.36,106.6,101.3,-1.2,17.65,113.6,96.0,65.5,0.03,6.23,108.6,102.3,3.5,73,75
1-31-23,Virginia Tech,Miami (FL),14.16,113.5,99.4,66.4,-0.096,5.78,107.8,102.0,-2.93,15.88,118.0,102.1,68.1,0.002,4.65,106.7,102.0,-1.08,83,92
1-31-23,Toledo,Miami (OH),5.58,116.7,111.1,70.4,0.035,-2.69,103.9,106.6,-0.83,-10.71,104.0,114.7,67.6,-0.086,-2.17,104.2,106.3,-1.76,81,78
1-31-23,VCU,Davidson,9.49,104.6,95.1,68.8,0.006,-0.92,103.6,104.6,-1.89,2.07,106.0,103.9,65.8,-0.042,1.59,105.0,103.4,-1.11,61,59
1-31-23,Clemson,Boston College,11.44,109.1,97.6,68.0,0.05,1.29,105.8,104.6,-5.32,-0.17,100.9,101.1,66.3,0.087,3.66,108.2,104.5,-3.72,54,62
1-31-23,Saint Louis,Fordham,9.36,112.5,103.1,68.6,0.068,2.33,105.0,102.7,4.42,1.41,102.3,100.9,69.6,0.143,-6.77,100.5,107.3,-11.99,65,75
1-31-23,Marist,Quinnipiac,-12.22,95.2,107.4,65.1,-0.012,-6.31,100.4,106.7,-9.03,3.69,105.1,101.4,69.5,-0.008,-3.79,101.5,105.3,-2.1,66,72
1-31-23,Central Mich.,Kent St.,-12.26,95.3,107.6,67.6,0.012,-2.53,104.2,106.8,-0.51,10.86,106.9,96.0,67.8,-0.007,-1.59,105.0,106.6,2.85,69,81
1-31-23,NIU,Western Mich.,-7.6,100.2,107.8,68.5,0.02,0.03,105.1,105.1,2.56,-11.01,104.1,115.1,65.7,-0.061,0.28,105.2,104.9,1.88,73,59
1-31-23,Ball St.,Bowling Green,1.07,107.2,106.1,67.0,0.051,-2.79,104.5,107.3,-4.09,-6.78,104.0,110.8,69.3,-0.04,-4.17,104.8,109.0,-4.68,69,60
1-31-23,Ohio,Eastern Mich.,0.58,109.8,109.2,67.8,-0.056,-0.6,106.0,106.6,0.41,-12.54,102.1,114.6,70.1,-0.017,-1.89,105.2,107.1,-0.6,79,90
1-31-23,Nebraska,Illinois,6.3,103.9,97.6,65.9,0.015,11.69,110.9,99.2,2.99,18.7,111.4,92.7,69.4,-0.002,5.71,106.6,100.9,-5.0,56,72
1-31-23,Texas A&M,Arkansas,15.11,114.0,98.9,66.5,-0.007,4.01,105.9,101.9,-1.57,18.89,111.0,92.1,69.4,-0.054,6.71,108.2,101.5,2.75,70,81
1-31-23,Akron,Buffalo,5.63,106.6,101.0,64.5,0.045,-3.28,103.4,106.6,-0.43,-0.88,104.2,105.1,72.9,-0.041,1.84,106.4,104.5,5.84,81,64
1-31-23,Kansas St.,Kansas,18.37,113.7,95.3,68.9,0.093,6.29,106.5,100.2,-1.75,22.62,115.6,93.0,68.4,0.086,11.9,110.3,98.4,7.47,78,90
1-31-23,UConn,DePaul,24.6,117.5,92.9,67.5,-0.082,7.28,107.7,100.4,-0.45,2.46,107.3,104.8,68.6,0.023,7.28,108.6,101.3,2.51,90,76
1-31-23,Vanderbilt,Alabama,7.66,111.9,104.3,65.7,-0.054,7.04,107.7,100.6,1.54,25.16,115.5,90.4,73.7,0.083,10.48,109.6,99.1,9.25,44,101
1-31-23,Northwestern,Iowa,15.1,109.4,94.3,66.3,0.048,4.08,105.6,101.5,-3.49,16.21,118.9,102.7,70.2,-0.055,8.19,107.5,99.3,-1.25,70,86
1-31-23,Loyola Chicago,Dayton,-6.26,101.5,107.7,65.3,-0.023,-0.36,104.8,105.1,-3.45,12.49,108.2,95.7,63.8,-0.077,-0.37,104.2,104.5,-1.65,81,85
1-31-23,Boise St.,Air Force,18.25,109.5,91.3,67.0,-0.038,4.24,107.2,102.9,1.01,0.78,105.8,105.0,62.9,-0.016,-2.34,104.4,106.7,-10.86,59,52
1-31-23,UNLV,Colorado St.,9.2,107.5,98.3,69.5,-0.01,3.6,106.3,102.7,-1.41,4.97,110.7,105.7,66.4,-0.082,5.5,106.9,101.4,1.76,83,71
1-31-23,West Virginia,TCU,18.87,115.5,96.6,68.2,-0.089,9.48,109.6,100.1,2.09,20.34,112.7,92.3,70.0,-0.02,4.84,106.8,102.0,-6.48,72,76
1-31-23,Kentucky,Ole Miss,16.38,114.8,98.4,65.6,-0.017,4.32,107.3,103.0,-0.94,6.47,106.3,99.9,65.6,-0.057,7.14,107.7,100.5,1.89,75,66
1-31-23,Indiana,Maryland,19.47,116.2,96.7,68.6,-0.006,6.14,108.0,101.9,-4.23,16.65,112.6,96.0,65.5,0.006,6.76,108.1,101.3,-3.05,55,66
1-31-23,Fresno St.,Wyoming,0.45,100.3,99.8,63.1,-0.047,5.31,108.0,102.7,2.24,0.06,108.2,108.1,65.2,-0.109,4.42,106.6,102.2,-0.46,62,85
1-31-23,San Diego St.,Nevada,18.53,113.9,95.4,67.2,0.033,6.89,108.4,101.5,7.08,13.82,111.3,97.5,66.0,0.051,7.3,108.8,101.5,3.42,66,75
2-1-23,UAlbany,UMass Lowell,-16.04,98.8,114.8,66.9,-0.04,-1.86,104.0,105.9,2.14,-0.26,104.9,105.2,69.1,0.016,-8.97,99.0,108.0,-10.3,50,66
2-1-23,Providence,Xavier,17.78,115.7,97.9,67.2,0.007,4.3,106.9,102.6,-7.51,18.48,119.1,100.7,71.7,0.032,9.61,110.0,100.3,4.53,83,85
2-1-23,Creighton,Georgetown,21.82,116.0,94.2,68.2,-0.133,9.2,109.4,100.2,5.31,-3.46,105.8,109.3,68.3,-0.065,5.3,108.4,103.1,-3.69,63,53
2-1-23,Penn St.,Purdue,15.44,115.1,99.6,64.9,-0.023,5.81,107.4,101.6,-3.67,26.23,119.5,93.3,63.8,0.032,6.85,107.7,100.9,1.27,60,80
2-1-23,East Carolina,South Fla.,-3.61,102.9,106.6,67.0,0.015,-3.17,103.2,106.3,-9.44,2.84,106.8,104.0,68.3,-0.148,0.33,104.5,104.2,-5.74,63,71
2-1-23,Wofford,ETSU,-2.1,108.2,110.3,65.9,0.008,-2.31,104.1,106.4,-0.47,-6.51,98.8,105.3,66.6,-0.146,-4.29,104.4,108.7,-4.87,52,77
2-1-23,George Washington,La Salle,-0.8,109.3,110.1,68.9,-0.032,-1.69,103.1,104.8,-5.03,-7.42,99.9,107.3,67.7,0.073,-0.58,104.3,104.9,-2.19,64,75
2-1-23,Binghamton,UMBC,-12.75,98.6,111.4,66.1,0.037,-5.83,102.2,108.0,-5.32,-3.3,109.6,112.9,67.7,0.028,-6.68,101.1,107.7,-7.33,55,69
2-1-23,Navy,Lafayette,-3.81,105.1,108.9,64.6,-0.032,-4.78,102.3,107.1,-1.6,-6.2,97.5,103.7,62.1,-0.085,-0.52,105.3,105.8,4.62,53,34
2-1-23,Chattanooga,Furman,0.58,110.9,110.3,66.9,-0.087,-0.95,104.2,105.1,2.25,7.78,113.5,105.7,68.7,-0.019,-2.52,103.9,106.4,-2.16,58,79
2-1-23,Holy Cross,Boston U.,-14.9,93.7,108.6,67.1,-0.027,-5.33,101.2,106.5,-4.0,-8.55,98.1,106.6,65.5,-0.012,-4.29,102.3,106.6,-3.8,82,70
2-1-23,USC Upstate,Campbell,-9.65,97.6,107.2,67.5,0.041,-1.58,104.5,106.0,2.19,-7.34,101.6,108.9,64.0,-0.049,-3.4,103.0,106.4,-1.37,66,78
2-1-23,Tulsa,Cincinnati,-6.47,102.4,108.9,68.2,-0.057,2.21,105.5,103.3,-2.25,11.77,110.3,98.5,68.0,-0.027,2.66,106.9,104.2,-3.36,55,81
2-1-23,Bucknell,American,-11.99,97.8,109.8,67.2,-0.084,-7.83,99.1,106.9,-6.75,-3.43,103.6,107.1,63.0,0.075,-6.49,101.6,108.0,-7.14,78,71
2-1-23,St. Bonaventure,Richmond,0.01,102.4,102.3,65.0,-0.007,-0.78,104.2,105.0,-2.39,2.8,104.3,101.5,64.9,-0.045,0.24,105.1,104.9,-2.41,66,62
2-1-23,Radford,Presbyterian,1.5,103.9,102.4,65.2,-0.059,-2.75,104.3,107.0,1.56,-15.06,96.9,111.9,63.7,-0.097,-4.49,103.3,107.8,-3.78,67,59
2-1-23,Massachusetts,George Mason,1.1,103.3,102.2,71.2,0.09,-0.09,104.2,104.3,-0.84,2.73,105.1,102.3,66.4,-0.029,-0.54,104.9,105.4,-1.28,59,70
2-1-23,Pittsburgh,North Carolina,11.53,111.6,100.1,66.9,0.036,3.53,107.5,104.0,-3.71,17.26,115.1,97.9,68.8,-0.029,6.94,108.5,101.6,7.34,65,64
2-1-23,Tennessee,Florida,29.73,114.0,84.3,66.9,-0.011,5.14,106.8,101.6,3.06,14.53,105.8,91.3,69.4,-0.07,7.37,108.9,101.6,5.21,54,67
2-1-23,New Hampshire,NJIT,-8.05,99.2,107.2,63.8,-0.014,-5.7,101.7,107.4,-4.24,-13.0,97.2,110.2,65.7,-0.024,-4.78,103.5,108.3,-3.59,74,67
2-1-23,Georgia Tech,Louisville,-1.97,101.7,103.7,66.6,-0.027,6.16,108.7,102.5,-0.92,-10.87,97.9,108.8,67.4,-0.041,5.43,107.8,102.4,1.23,58,68
2-1-23,Georgia,Auburn,6.3,106.1,99.8,67.6,0.056,0.16,104.7,104.6,-7.09,17.77,111.2,93.4,67.8,0.012,6.27,107.0,100.7,4.11,73,94
2-1-23,Rhode Island,Saint Joseph's,-3.06,101.4,104.5,67.3,-0.015,-0.54,103.3,103.9,-1.25,-1.37,104.1,105.4,69.2,-0.01,-1.1,104.3,105.4,-4.26,50,64
2-1-23,Longwood,Winthrop,0.17,103.3,103.1,66.0,-0.006,-6.68,102.1,108.8,-6.57,-6.74,106.2,112.9,66.2,0.003,-2.03,104.2,106.2,3.12,74,76
2-1-23,Army West Point,Lehigh,-4.7,104.8,109.5,68.3,-0.094,-7.43,100.4,107.8,-6.75,-6.89,99.1,106.0,69.8,0.141,-4.86,102.2,107.1,-0.08,71,69
2-1-23,Samford,Western Caro.,2.32,110.0,107.6,66.3,-0.035,-3.15,103.9,107.0,-2.01,-7.33,101.9,109.2,67.1,0.019,-3.92,103.0,106.9,-3.83,85,77
2-1-23,Gardner-Webb,Charleston So.,-0.37,99.8,100.2,65.4,-0.111,-2.51,104.5,107.0,2.26,-16.04,98.8,114.8,66.9,-0.04,-1.86,104.0,105.9,2.14,67,59
2-1-23,Maine,Bryant,-8.94,101.7,110.7,65.9,-0.029,-2.91,101.9,104.8,-0.0,-3.14,107.7,110.8,72.8,0.092,-2.58,103.8,106.4,1.71,53,71
2-1-23,Sam Houston,UTRGV,11.95,107.6,95.6,65.0,0.028,3.63,106.0,102.4,7.93,-8.68,101.2,109.9,74.0,0.09,-1.17,105.2,106.4,-5.36,67,65
2-1-23,Southern Ill.,Bradley,4.37,102.3,97.9,63.7,0.079,-2.14,103.5,105.6,-2.26,7.87,106.6,98.7,65.6,-0.013,-1.37,103.1,104.4,0.48,52,62
2-1-23,Belmont,Murray St.,3.25,108.9,105.7,67.6,0.093,-0.83,103.8,104.6,0.56,-0.26,106.2,106.4,66.7,0.037,-0.21,104.1,104.3,0.7,82,83
2-1-23,Indiana St.,Evansville,3.99,106.8,102.8,71.2,-0.092,-3.14,102.4,105.5,-6.34,-17.25,93.2,110.4,69.3,0.008,-0.33,103.9,104.2,-1.57,83,65
2-1-23,Valparaiso,Missouri St.,-8.93,98.4,107.3,67.8,0.044,-3.12,103.3,106.4,-4.5,2.29,105.0,102.7,62.5,-0.055,0.86,104.0,103.2,2.66,67,76
2-1-23,UIC,Illinois St.,-9.28,98.3,107.6,68.7,0.01,-2.72,102.2,104.9,-9.44,-6.65,100.8,107.5,64.6,-0.012,-3.68,102.4,106.1,-6.39,62,68
2-1-23,Villanova,Marquette,10.76,112.8,102.0,63.4,-0.108,7.27,109.0,101.7,4.02,23.09,121.9,98.8,68.8,-0.077,7.88,108.7,100.8,-0.57,64,73
2-1-23,Seton Hall,St. John's (NY),14.12,107.0,92.8,66.0,-0.012,9.9,109.9,100.0,4.08,10.27,108.4,98.2,73.3,0.024,4.15,106.4,102.2,-6.04,84,72
2-1-23,Minnesota,Rutgers,-1.41,100.5,101.9,64.7,0.022,6.33,107.4,101.0,-5.86,19.55,107.3,87.8,65.8,-0.079,6.09,109.0,102.9,-6.96,55,90
2-1-23,Florida St.,NC State,0.73,106.8,106.0,69.0,-0.044,5.98,108.2,102.2,3.38,14.27,112.7,98.4,69.7,0.04,3.32,107.7,104.3,-4.92,66,94
2-1-23,LSU,Missouri,3.61,105.5,101.9,65.3,0.107,4.33,106.1,101.8,-5.97,14.58,119.6,105.0,70.2,0.09,5.11,106.5,101.4,-3.67,77,87
2-1-23,SMU,Tulane,-0.52,102.6,103.1,69.2,-0.036,4.77,107.0,102.2,3.46,8.33,111.5,103.1,72.6,-0.025,0.04,104.7,104.7,-6.27,52,74
2-1-23,UNI,Drake,-0.45,102.8,103.2,67.5,-0.02,-2.55,103.5,106.0,-1.73,9.02,106.7,97.7,66.4,0.019,-1.42,103.8,105.3,-1.17,81,88
2-1-23,Oklahoma St.,Oklahoma,16.58,107.3,90.7,67.1,-0.085,8.91,109.0,100.1,1.28,15.67,113.3,97.6,64.1,-0.045,10.33,108.1,97.8,3.9,71,61
2-1-23,SFA,New Mexico St.,3.89,106.3,102.4,68.8,-0.004,-1.04,103.6,104.6,-1.02,-1.81,105.4,107.2,68.8,-0.134,4.46,105.9,101.5,5.03,67,73
2-1-23,Southern Utah,California Baptist,5.24,109.1,103.9,71.7,0.029,2.31,105.1,102.8,4.46,2.23,103.7,101.4,63.9,-0.057,-3.47,102.3,105.8,-6.21,72,71
2-1-23,Abilene Christian,Seattle U,-4.14,103.1,107.3,69.0,-0.01,-1.38,103.9,105.3,-1.85,4.7,103.2,98.5,68.7,0.118,0.6,105.1,104.5,0.16,83,68
2-1-23,New Mexico,Utah St.,14.94,113.8,98.8,71.4,0.012,1.9,105.7,103.8,-2.24,14.74,117.3,102.5,68.4,0.05,4.91,106.8,101.9,3.17,73,84
2-2-23,Milwaukee,IUPUI,-2.44,102.0,104.5,71.8,0.111,-3.19,103.9,107.1,1.28,-24.59,92.5,117.1,66.8,-0.072,-5.06,102.7,107.7,-5.8,72,69
2-2-23,Central Conn. St.,St. Francis Brooklyn,-13.82,97.4,111.2,64.2,-0.117,-7.93,99.4,107.3,-1.23,-19.47,92.2,111.7,66.4,0.094,-12.58,97.4,109.9,-8.26,48,53
2-2-23,LIU,Merrimack,-28.05,86.7,114.7,71.7,-0.014,-5.95,101.9,107.8,6.09,-15.62,87.9,103.5,64.9,-0.023,-4.81,102.5,107.3,2.57,59,76
2-2-23,Marshall,App State,10.18,111.4,101.2,71.3,-0.077,-4.63,102.8,107.4,-4.63,-0.3,101.3,101.6,65.4,-0.007,-1.03,104.3,105.4,-0.9,66,58
2-2-23,N.C. A&T,UNCW,-8.75,101.4,110.1,69.4,0.059,-1.03,103.5,104.5,5.89,1.02,102.3,101.3,64.5,0.156,-3.51,103.0,106.5,3.96,63,87
2-2-23,UNC Greensboro,Mercer,2.97,99.1,96.1,65.8,0.004,-0.55,106.4,107.0,3.59,-5.14,101.9,107.0,64.6,-0.009,-2.29,103.9,106.1,-1.82,69,49
2-2-23,Purdue Fort Wayne,Oakland,-2.57,103.0,105.6,68.3,0.029,-4.58,102.9,107.5,-0.46,-6.95,104.2,111.1,67.6,0.04,0.57,105.9,105.3,5.98,82,73
2-2-23,UT Martin,SIUE,-7.63,100.4,108.1,70.6,0.094,-7.52,101.6,109.1,-1.98,4.37,102.3,97.9,63.7,0.079,-2.14,103.5,105.6,-2.26,75,89
2-2-23,Michigan,Northwestern,11.44,111.5,100.1,68.0,-0.046,7.3,108.7,101.4,0.54,15.1,109.4,94.3,66.3,0.048,4.08,105.6,101.5,-3.49,68,51
2-2-23,Central Ark.,FGCU,-15.13,97.6,112.8,71.9,0.06,-2.48,104.7,107.2,-1.38,0.11,105.1,105.0,65.8,0.084,-1.16,104.2,105.3,1.44,91,87
2-2-23,Col. of Charleston,Drexel,9.74,110.3,100.6,70.2,0.078,-3.66,103.6,107.3,-0.6,-2.45,101.4,103.8,63.6,-0.059,-6.38,101.0,107.4,-1.86,69,70
2-2-23,Tennessee Tech,Morehead St.,-10.76,101.4,112.1,65.6,-0.024,-5.35,101.5,106.8,1.59,-9.37,100.8,110.2,64.5,0.166,-4.3,102.7,107.0,4.3,45,64
2-2-23,Fla. Atlantic,UAB,15.69,113.1,97.4,67.8,0.087,-1.03,103.9,104.9,-3.48,10.85,111.2,100.3,70.8,-0.09,-1.09,103.9,105.0,-4.02,77,86
2-2-23,Wagner,Sacred Heart,-10.28,96.5,106.8,63.2,0.052,-10.44,97.2,107.7,-2.1,-13.82,97.2,111.0,70.0,0.031,-10.94,97.7,108.6,-6.92,56,65
2-2-23,Towson,Hofstra,2.77,107.2,104.4,63.0,0.004,-5.36,101.7,107.1,-3.52,6.35,109.8,103.5,67.2,0.056,1.78,105.3,103.6,7.75,72,76
2-2-23,Wisconsin,Ohio St.,10.96,106.9,96.0,62.6,0.043,9.55,110.0,100.5,1.75,18.09,118.1,100.0,66.6,-0.167,8.59,108.4,99.8,-2.23,65,60
2-2-23,William & Mary,Hampton,-11.94,101.5,113.5,65.7,0.078,-0.11,105.4,105.5,2.52,-17.0,98.2,115.2,68.3,-0.017,-3.28,103.0,106.3,-1.24,57,62
2-2-23,VMI,The Citadel,-16.48,98.6,115.0,66.8,-0.023,-1.38,104.1,105.5,-1.15,-10.84,99.3,110.1,68.0,0.02,-3.33,104.2,107.5,-3.19,75,69
2-2-23,Saint Francis (PA),Stonehill,-13.98,100.7,114.6,68.5,-0.048,-6.52,101.3,107.8,1.23,-14.95,95.7,110.6,67.1,0.102,-6.49,101.0,107.5,0.41,61,74
2-2-23,High Point,UNC Asheville,-11.13,99.2,110.4,72.6,0.065,-4.62,103.1,107.7,-4.54,-0.71,103.0,103.7,68.0,0.182,-3.54,102.6,106.1,-0.44,63,89
2-2-23,Wright St.,Youngstown St.,-3.46,102.8,106.3,72.1,-0.052,-6.36,102.2,108.5,-2.34,4.04,114.0,109.9,67.6,-0.034,-6.11,102.6,108.8,-4.74,89,91
2-2-23,North Florida,Jacksonville,-9.41,106.2,115.6,68.2,-0.012,0.81,106.5,105.7,5.38,-2.19,102.5,104.7,61.8,0.074,1.41,106.6,105.2,6.3,76,63
2-2-23,North Ala.,Stetson,-8.64,104.6,113.2,68.4,0.118,-3.51,103.1,106.6,-0.81,-1.14,110.7,111.8,63.5,0.031,2.28,106.8,104.5,6.84,57,79
2-2-23,Rice,Louisiana Tech,0.34,108.2,107.9,69.9,0.155,-1.1,103.3,104.4,-6.0,1.87,106.2,104.3,66.8,-0.04,1.35,105.0,103.6,0.59,72,80
2-2-23,Delaware,Monmouth,-2.72,103.5,106.2,67.0,0.019,-1.81,105.1,106.9,0.07,-19.94,89.8,109.7,67.9,-0.02,3.62,107.1,103.5,6.95,62,70
2-2-23,Cleveland St.,Detroit Mercy,-0.28,104.8,105.1,64.0,0.017,-4.3,103.2,107.5,0.71,-4.15,110.6,114.7,67.0,-0.102,-0.35,105.4,105.7,5.0,67,85
2-2-23,James Madison,Old Dominion,7.09,105.7,98.6,70.4,-0.098,-2.48,102.7,105.2,-4.02,-0.52,103.4,103.9,64.7,0.04,-1.47,104.0,105.5,-1.07,78,73
2-2-23,Southern Miss.,Troy,7.04,107.7,100.7,67.6,0.058,-2.76,103.5,106.3,-3.51,2.1,103.5,101.4,67.5,-0.064,0.16,104.0,103.9,0.14,74,65
2-2-23,Elon,Stony Brook,-15.18,97.2,112.4,66.9,-0.066,-1.04,103.2,104.3,-1.76,-12.99,98.2,111.2,63.3,0.035,-2.89,102.7,105.6,1.57,69,55
2-2-23,FIU,Charlotte,-4.84,101.9,106.7,70.1,0.043,-0.66,104.6,105.3,-8.22,6.1,108.3,102.2,60.7,-0.05,-1.79,103.6,105.4,-6.1,57,54
2-2-23,Northern Ky.,Robert Morris,-2.7,100.1,102.8,62.5,0.04,-5.27,103.0,108.3,2.96,-5.88,99.0,104.9,66.4,-0.033,-4.0,103.6,107.6,-1.72,65,52
2-2-23,Ga. Southern,Georgia St.,-4.29,101.5,105.8,65.4,0.019,-1.63,104.7,106.4,-3.21,-6.23,96.8,103.1,66.4,-0.073,-1.45,103.4,104.9,-4.85,60,64
2-2-23,Kennesaw St.,Bellarmine,2.02,105.7,103.7,68.7,0.145,-1.33,105.1,106.4,5.05,-7.7,101.7,109.4,61.1,0.025,1.13,106.1,105.0,6.0,90,84
2-2-23,Jacksonville St.,Eastern Ky.,-8.16,100.9,109.0,64.7,-0.016,-2.16,104.3,106.4,0.78,-1.22,104.6,105.9,70.0,0.088,-0.47,103.8,104.3,2.85,67,69
2-2-23,Coastal Carolina,ULM,-6.72,104.5,111.2,67.6,0.042,-0.58,105.0,105.6,-2.36,-7.6,98.9,106.4,66.0,0.028,1.53,104.9,103.4,1.68,70,83
2-2-23,Stanford,Utah,6.73,108.5,101.7,65.8,-0.143,3.94,105.9,102.0,0.1,14.81,109.1,94.3,66.5,-0.041,3.97,105.7,101.7,-4.87,78,72
2-2-23,St. Thomas (MN),Omaha,-4.21,108.2,112.4,65.1,0.027,-4.56,102.5,107.0,-1.92,-11.42,101.1,112.5,67.4,0.032,2.24,106.1,103.9,8.2,89,83
2-2-23,North Dakota,South Dakota St.,-12.25,99.6,111.9,65.7,-0.064,-2.63,104.4,107.0,-0.41,-1.38,101.7,103.1,66.7,0.078,1.54,106.1,104.6,8.61,73,96
2-2-23,Northwestern St.,Houston Christian,-2.8,105.3,108.1,66.2,0.089,-4.28,103.6,107.9,3.84,-17.57,101.5,119.0,70.1,-0.031,-5.88,103.4,109.3,-0.13,94,76
2-2-23,Liberty,Austin Peay,14.85,110.7,95.9,63.0,-0.011,-3.16,103.6,106.7,1.18,-12.13,97.3,109.5,64.6,-0.052,-1.9,104.6,106.5,1.81,82,70
2-2-23,Eastern Ill.,Lindenwood,-17.1,93.3,110.4,68.1,0.016,-6.25,102.2,108.5,-2.34,-17.62,92.8,110.4,67.0,-0.041,-4.44,102.8,107.2,2.29,67,80
2-2-23,Queens (NC),Lipscomb,-2.84,109.9,112.7,69.1,0.027,-4.86,103.1,107.9,-3.09,-1.37,103.4,104.8,69.0,-0.04,-3.87,104.1,108.0,-3.47,60,66
2-2-23,UTSA,Western Ky.,-12.67,101.0,113.7,67.0,0.009,-0.21,103.4,103.6,-6.48,-0.32,105.2,105.5,66.9,-0.015,0.46,105.2,104.7,-3.77,74,81
2-2-23,South Alabama,Arkansas St.,-0.39,103.3,103.7,66.2,-0.116,1.31,104.6,103.3,5.84,-12.68,97.4,110.1,63.0,0.002,-3.58,102.0,105.6,-10.08,82,62
2-2-23,Little Rock,Southeast Mo. St.,-14.67,100.4,115.1,70.3,-0.029,-6.49,101.6,108.1,-0.97,-6.04,100.6,106.6,71.8,0.013,-4.6,102.4,107.0,1.97,98,99
2-2-23,A&M-Corpus Christi,New Orleans,-3.43,105.9,109.4,69.4,-0.049,-7.98,100.3,108.3,0.7,-17.13,96.3,113.4,71.0,-0.072,-6.44,103.1,109.5,2.26,86,69
2-2-23,North Dakota St.,South Dakota,-4.99,104.5,109.5,67.6,-0.05,-0.84,105.9,106.8,5.54,-10.4,102.9,113.3,65.9,0.062,-1.65,104.3,105.9,2.51,62,71
2-2-23,Oregon St.,Arizona St.,-1.88,100.7,102.5,63.6,0.001,4.79,105.9,101.2,-5.38,11.77,108.0,96.2,68.0,0.065,5.94,107.1,101.2,-0.09,57,68
2-2-23,Tennessee St.,Southern Ind.,-12.82,100.3,113.1,69.7,-0.015,-10.65,99.2,109.8,-8.82,-5.73,104.2,109.9,70.0,0.007,-5.54,102.0,107.5,0.06,80,76
2-2-23,UIW,Southeastern La.,-16.33,94.6,110.9,67.1,0.05,-8.04,101.1,109.2,-3.43,-7.56,104.9,112.5,68.5,0.106,-3.76,103.5,107.2,5.29,67,77
2-2-23,Lamar University,McNeese,-23.43,93.5,117.0,66.0,0.042,-6.32,101.7,108.1,-1.73,-15.3,100.8,116.1,66.0,-0.059,-1.48,104.3,105.7,7.49,70,63
2-2-23,Texas St.,Louisiana,-2.94,100.1,103.0,64.0,0.044,-0.2,104.1,104.3,-0.49,6.32,112.4,106.0,68.8,0.103,-1.24,103.3,104.5,0.14,63,82
2-2-23,Washington,UCLA,5.07,105.7,100.6,68.8,0.084,6.11,106.4,100.3,-1.14,26.32,115.7,89.4,65.7,-0.02,7.95,108.9,100.9,1.28,61,70
2-2-23,Utah Valley,Utah Tech,8.0,107.0,99.0,68.6,0.047,1.54,105.6,104.0,3.9,-2.44,105.2,107.6,69.7,-0.056,2.17,105.6,103.4,2.39,76,69
2-2-23,LMU (CA),BYU,8.6,108.8,100.2,67.5,0.037,2.11,107.4,105.3,0.77,9.26,104.6,95.4,70.1,-0.084,4.04,107.0,102.9,1.58,61,89
2-2-23,Hawaii,UC Davis,3.66,103.0,99.3,65.0,-0.017,-4.75,101.4,106.1,-5.87,1.21,105.7,104.5,70.6,-0.03,-2.38,102.3,104.7,-0.22,63,75
2-2-23,UTEP,Middle Tenn.,-0.39,96.3,96.6,66.2,0.007,0.48,105.6,105.1,-2.55,4.02,104.7,100.6,66.9,0.029,2.89,107.2,104.3,2.63,72,84
2-2-23,Houston,Wichita St.,29.24,118.6,89.3,63.0,0.016,2.83,106.6,103.8,0.38,4.26,103.3,99.0,65.5,-0.054,1.12,105.0,103.9,-1.9,70,61
2-2-23,Western Ill.,Denver,-6.2,104.0,110.2,66.9,0.11,-5.57,103.3,108.9,-3.04,-10.3,102.4,112.7,68.1,0.084,-4.88,103.4,108.3,-7.74,44,74
2-2-23,Northern Colo.,Montana,-7.53,104.8,112.4,69.5,0.054,0.61,105.9,105.2,4.94,-1.35,106.9,108.2,63.0,-0.057,-0.83,104.9,105.8,2.48,67,69
2-2-23,Northern Ariz.,Montana St.,-8.94,102.8,111.8,66.7,-0.022,1.89,106.2,104.3,7.09,5.26,104.9,99.6,66.9,0.014,-0.35,105.8,106.1,4.26,68,69
2-2-23,Eastern Wash.,Sacramento St.,1.38,107.7,106.3,68.7,0.113,-2.08,104.0,106.1,1.23,-1.78,104.8,106.6,62.2,0.029,-0.7,104.7,105.4,3.14,82,63
2-2-23,Long Beach St.,Cal St. Fullerton,0.98,104.5,103.6,73.4,0.004,0.52,103.9,103.4,6.02,2.01,102.7,100.7,64.6,-0.056,0.69,104.4,103.7,2.93,70,67
2-2-23,Idaho,Portland St.,-10.81,104.3,115.1,66.2,-0.094,-5.04,102.4,107.5,-7.15,-5.63,102.9,108.6,71.2,0.01,1.38,105.7,104.4,5.47,66,69
2-2-23,Pepperdine,Pacific,-1.21,104.2,105.4,72.5,-0.162,4.71,108.1,103.4,3.08,-2.7,106.7,109.4,69.9,0.031,-0.21,105.0,105.2,-5.33,73,81
2-2-23,California,Colorado,-6.93,100.6,107.6,62.2,-0.125,5.23,106.4,101.2,1.03,12.3,106.4,94.1,69.7,-0.104,6.07,107.3,101.2,2.89,46,59
2-2-23,UC Riverside,CSU Bakersfield,0.94,106.1,105.2,66.8,0.142,-0.22,104.0,104.2,4.24,-12.1,95.0,107.1,62.3,-0.021,0.55,103.8,103.3,-0.4,76,82
2-2-23,Portland,San Diego,-0.25,109.1,109.3,69.4,-0.026,4.17,107.2,103.0,0.03,-2.52,111.3,113.8,69.0,-0.022,1.05,105.0,104.0,-2.23,80,61
2-2-23,Cal Poly,UC Santa Barbara,-11.95,94.4,106.3,63.4,-0.058,-1.16,103.4,104.6,-0.79,8.15,107.1,99.0,65.0,0.019,-4.22,101.9,106.1,-3.87,62,68
2-2-23,UC Irvine,UC San Diego,7.19,108.6,101.4,68.9,-0.049,0.25,103.6,103.3,3.25,-8.96,99.5,108.5,64.6,0.064,0.42,105.3,104.8,2.24,76,60
2-2-23,Oregon,Arizona,14.04,113.1,99.0,66.4,-0.01,8.12,107.6,99.5,5.1,21.48,117.1,95.7,72.4,0.086,7.63,107.4,99.8,3.83,76,91
2-2-23,Washington St.,Southern California,12.79,110.6,97.8,63.7,-0.154,9.25,108.9,99.6,4.51,15.08,112.2,97.2,67.4,0.039,7.1,106.3,99.2,1.13,70,80
2-2-23,Santa Clara,Gonzaga,7.39,109.9,102.5,69.9,0.087,3.03,106.8,103.7,0.47,19.64,119.4,99.8,70.3,0.069,7.07,109.5,102.5,9.26,70,88
2-2-23,San Francisco,Saint Mary's (CA),6.86,109.0,102.1,69.2,-0.019,0.86,105.0,104.2,-3.35,23.71,113.1,89.4,61.9,-0.041,4.03,107.7,103.6,3.87,59,68
2-3-23,Yale,Harvard,8.68,109.2,100.6,65.8,-0.047,-1.99,102.6,104.6,-0.18,0.66,100.6,100.0,65.6,-0.021,-0.82,104.1,105.0,-1.54,68,57
2-3-23,Brown,Dartmouth,-2.3,99.4,101.7,68.5,-0.017,-3.27,103.2,106.5,-3.74,-8.04,97.6,105.6,68.5,-0.015,-1.43,103.5,104.9,-3.17,73,61
2-3-23,Eastern Mich.,Ball St.,-12.54,102.1,114.6,70.1,-0.017,-1.89,105.2,107.1,-0.6,1.07,107.2,106.1,67.0,0.051,-2.79,104.5,107.3,-4.09,90,91
2-3-23,Siena,Manhattan,1.95,105.2,103.2,66.8,0.023,-3.49,101.8,105.3,-1.19,-10.98,98.6,109.6,67.2,-0.002,-5.03,101.6,106.6,-5.38,66,71
2-3-23,VCU,Saint Louis,9.49,104.6,95.1,68.8,0.006,-0.92,103.6,104.6,-1.89,9.36,112.5,103.1,68.6,0.068,2.33,105.0,102.7,4.42,73,65
2-3-23,Columbia,Penn,-16.62,93.1,109.7,68.9,0.002,-3.34,102.8,106.2,-6.16,1.93,109.4,107.5,66.2,-0.048,0.17,104.8,104.7,-0.28,65,74
2-3-23,Mount St. Mary's,Iona,-10.27,95.3,105.6,65.6,-0.067,-5.04,101.4,106.4,-2.11,8.66,108.4,99.7,69.1,-0.026,-0.34,104.2,104.5,4.3,51,81
2-3-23,Cornell,Princeton,6.05,115.3,109.3,71.3,-0.023,-2.95,102.8,105.7,-3.39,5.17,108.8,103.6,66.7,0.001,-2.4,103.1,105.5,-4.24,82,89
2-3-23,Saint Peter's,Rider,-10.08,96.7,106.8,62.8,0.025,-5.51,100.6,106.1,-7.2,-1.22,106.6,107.9,64.9,0.001,-3.13,101.8,104.9,-0.97,61,82
2-3-23,Fairfield,Quinnipiac,-5.6,99.1,104.7,64.6,0.013,-3.87,102.2,106.0,-0.85,3.69,105.1,101.4,69.5,-0.008,-3.79,101.5,105.3,-2.1,51,66
2-3-23,Canisius,Niagara,-8.89,99.6,108.5,67.3,-0.058,0.14,105.3,105.1,4.66,-6.37,100.6,107.0,62.3,0.099,-4.38,102.3,106.6,-4.86,73,76
2-3-23,Kent St.,Akron,10.86,106.9,96.0,67.8,-0.007,-1.59,105.0,106.6,2.85,5.63,106.6,101.0,64.5,0.045,-3.28,103.4,106.6,-0.43,55,67
2-3-23,Boise St.,San Diego St.,18.25,109.5,91.3,67.0,-0.038,4.24,107.2,102.9,1.01,18.53,113.9,95.4,67.2,0.033,6.89,108.4,101.5,7.08,52,72
2-3-23,Air Force,Nevada,0.78,105.8,105.0,62.9,-0.016,-2.34,104.4,106.7,-10.86,13.82,111.3,97.5,66.0,0.051,7.3,108.8,101.5,3.42,52,72
2-3-23,Fresno St.,UNLV,0.45,100.3,99.8,63.1,-0.047,5.31,108.0,102.7,2.24,9.2,107.5,98.3,69.5,-0.01,3.6,106.3,102.7,-1.41,82,79
2-4-23,Kansas,Iowa St.,22.62,115.6,93.0,68.4,0.086,11.9,110.3,98.4,7.47,19.24,111.0,91.8,64.3,0.018,9.41,110.6,101.2,-0.43,53,68
2-4-23,UCF,Cincinnati,12.07,109.9,97.8,63.6,-0.061,3.67,107.1,103.4,-0.07,11.77,110.3,98.5,68.0,-0.027,2.66,106.9,104.2,-3.36,64,73
2-4-23,Virginia,Virginia Tech,20.92,115.7,94.8,61.7,0.049,5.88,108.0,102.2,1.94,14.16,113.5,99.4,66.4,-0.096,5.78,107.8,102.0,-2.93,68,74
2-4-23,UConn,Georgetown,24.6,117.5,92.9,67.5,-0.082,7.28,107.7,100.4,-0.45,-3.46,105.8,109.3,68.3,-0.065,5.3,108.4,103.1,-3.69,68,62
2-4-23,Michigan St.,Rutgers,15.0,111.0,96.0,64.7,0.043,10.82,110.8,100.0,4.66,19.55,107.3,87.8,65.8,-0.079,6.09,109.0,102.9,-6.96,55,61
2-4-23,A&M-Corpus Christi,Southeastern La.,-3.43,105.9,109.4,69.4,-0.049,-7.98,100.3,108.3,0.7,-7.56,104.9,112.5,68.5,0.106,-3.76,103.5,107.2,5.29,83,72
2-4-23,Green Bay,IUPUI,-26.98,91.4,118.4,65.2,0.023,-1.36,104.5,105.8,1.86,-24.59,92.5,117.1,66.8,-0.072,-5.06,102.7,107.7,-5.8,53,68
2-4-23,Davidson,Massachusetts,2.07,106.0,103.9,65.8,-0.042,1.59,105.0,103.4,-1.11,1.1,103.3,102.2,71.2,0.09,-0.09,104.2,104.3,-0.84,93,78
2-4-23,Texas Tech,Baylor,11.94,110.4,98.5,67.1,-0.081,4.88,107.7,102.8,-6.61,20.36,119.8,99.5,67.1,0.036,10.56,110.2,99.7,1.73,62,89
2-4-23,UNC Greensboro,The Citadel,2.97,99.1,96.1,65.8,0.004,-0.55,106.4,107.0,3.59,-10.84,99.3,110.1,68.0,0.02,-3.33,104.2,107.5,-3.19,79,59
2-4-23,Purdue Fort Wayne,Detroit Mercy,-2.57,103.0,105.6,68.3,0.029,-4.58,102.9,107.5,-0.46,-4.15,110.6,114.7,67.0,-0.102,-0.35,105.4,105.7,5.0,52,85
2-4-23,Cleveland St.,Oakland,-0.28,104.8,105.1,64.0,0.017,-4.3,103.2,107.5,0.71,-6.95,104.2,111.1,67.6,0.04,0.57,105.9,105.3,5.98,89,92
2-4-23,Georgia Tech,NC State,-1.97,101.7,103.7,66.6,-0.027,6.16,108.7,102.5,-0.92,14.27,112.7,98.4,69.7,0.04,3.32,107.7,104.3,-4.92,64,72
2-4-23,Wake Forest,Notre Dame,10.73,114.9,104.1,68.9,-0.011,5.36,106.6,101.3,-1.2,0.87,110.8,110.0,63.9,-0.019,1.0,105.7,104.7,-2.14,81,64
2-4-23,Stonehill,St. Francis Brooklyn,-14.95,95.7,110.6,67.1,0.102,-6.49,101.0,107.5,0.41,-19.47,92.2,111.7,66.4,0.094,-12.58,97.4,109.9,-8.26,65,59
2-4-23,Wagner,Fairleigh Dickinson,-10.28,96.5,106.8,63.2,0.052,-10.44,97.2,107.7,-2.1,-12.02,105.5,117.6,69.4,0.087,-10.73,97.9,108.6,-5.71,83,79
2-4-23,Delaware St.,Morgan St.,-19.76,92.9,112.7,66.0,0.029,-0.21,104.3,104.5,5.65,-9.83,96.6,106.4,69.3,0.058,-2.32,104.4,106.7,5.01,65,75
2-4-23,Ole Miss,Vanderbilt,6.47,106.3,99.9,65.6,-0.057,7.14,107.7,100.5,1.89,7.66,111.9,104.3,65.7,-0.054,7.04,107.7,100.6,1.54,71,74
2-4-23,NJIT,UMass Lowell,-13.0,97.2,110.2,65.7,-0.024,-4.78,103.5,108.3,-3.59,-0.26,104.9,105.2,69.1,0.016,-8.97,99.0,108.0,-10.3,61,90
2-4-23,New Hampshire,Bryant,-8.05,99.2,107.2,63.8,-0.014,-5.7,101.7,107.4,-4.24,-3.14,107.7,110.8,72.8,0.092,-2.58,103.8,106.4,1.71,46,70
2-4-23,Lehigh,Lafayette,-6.89,99.1,106.0,69.8,0.141,-4.86,102.2,107.1,-0.08,-6.2,97.5,103.7,62.1,-0.085,-0.52,105.3,105.8,4.62,66,64
2-4-23,Central Conn. St.,Sacred Heart,-13.82,97.4,111.2,64.2,-0.117,-7.93,99.4,107.3,-1.23,-13.82,97.2,111.0,70.0,0.031,-10.94,97.7,108.6,-6.92,65,78
2-4-23,Elon,Northeastern,-15.18,97.2,112.4,66.9,-0.066,-1.04,103.2,104.3,-1.76,-8.02,99.0,107.0,67.5,-0.001,-3.4,102.6,106.0,-0.7,74,73
2-4-23,Winthrop,Radford,-6.74,106.2,112.9,66.2,0.003,-2.03,104.2,106.2,3.12,1.5,103.9,102.4,65.2,-0.059,-2.75,104.3,107.0,1.56,66,69
2-4-23,UNCW,William & Mary,1.02,102.3,101.3,64.5,0.156,-3.51,103.0,106.5,3.96,-11.94,101.5,113.5,65.7,0.078,-0.11,105.4,105.5,2.52,70,63
2-4-23,Navy,Holy Cross,-3.81,105.1,108.9,64.6,-0.032,-4.78,102.3,107.1,-1.6,-14.9,93.7,108.6,67.1,-0.027,-5.33,101.2,106.5,-4.0,86,68
2-4-23,UMBC,Maine,-3.3,109.6,112.9,67.7,0.028,-6.68,101.1,107.7,-7.33,-8.94,101.7,110.7,65.9,-0.029,-2.91,101.9,104.8,-0.0,49,84
2-4-23,Drexel,Monmouth,-2.45,101.4,103.8,63.6,-0.059,-6.38,101.0,107.4,-1.86,-19.94,89.8,109.7,67.9,-0.02,3.62,107.1,103.5,6.95,67,69
2-4-23,Chicago St.,Hartford,-8.81,104.0,112.8,63.9,-0.045,2.21,106.3,104.1,2.21,-26.31,90.6,116.9,65.6,-0.047,-8.4,100.7,109.1,-8.4,62,49
2-4-23,Tulane,Memphis,8.33,111.5,103.1,72.6,-0.025,0.04,104.7,104.7,-6.27,15.92,113.1,97.2,71.8,-0.071,5.01,106.7,101.7,5.76,90,89
2-4-23,North Dakota,South Dakota,-12.25,99.6,111.9,65.7,-0.064,-2.63,104.4,107.0,-0.41,-10.4,102.9,113.3,65.9,0.062,-1.65,104.3,105.9,2.51,86,72
2-4-23,Florida St.,Louisville,0.73,106.8,106.0,69.0,-0.044,5.98,108.2,102.2,3.38,-10.87,97.9,108.8,67.4,-0.041,5.43,107.8,102.4,1.23,81,78
2-4-23,TCU,Oklahoma St.,20.34,112.7,92.3,70.0,-0.02,4.84,106.8,102.0,-6.48,16.58,107.3,90.7,67.1,-0.085,8.91,109.0,100.1,1.28,73,79
2-4-23,Southern Miss.,Georgia St.,7.04,107.7,100.7,67.6,0.058,-2.76,103.5,106.3,-3.51,-6.23,96.8,103.1,66.4,-0.073,-1.45,103.4,104.9,-4.85,79,71
2-4-23,Duquesne,George Washington,3.76,108.8,105.1,67.3,0.022,-1.66,104.2,105.9,-4.57,-0.8,109.3,110.1,68.9,-0.032,-1.69,103.1,104.8,-5.03,93,67
2-4-23,Evansville,UIC,-17.25,93.2,110.4,69.3,0.008,-0.33,103.9,104.2,-1.57,-9.28,98.3,107.6,68.7,0.01,-2.72,102.2,104.9,-9.44,61,70
2-4-23,Col. of Charleston,Delaware,9.74,110.3,100.6,70.2,0.078,-3.66,103.6,107.3,-0.6,-2.72,103.5,106.2,67.0,0.019,-1.81,105.1,106.9,0.07,84,67
2-4-23,Presbyterian,Gardner-Webb,-15.06,96.9,111.9,63.7,-0.097,-4.49,103.3,107.8,-3.78,-0.37,99.8,100.2,65.4,-0.111,-2.51,104.5,107.0,2.26,48,56
2-4-23,Miami (OH),Ohio,-10.71,104.0,114.7,67.6,-0.086,-2.17,104.2,106.3,-1.76,0.58,109.8,109.2,67.8,-0.056,-0.6,106.0,106.6,0.41,68,78
2-4-23,Chattanooga,Western Caro.,0.58,110.9,110.3,66.9,-0.087,-0.95,104.2,105.1,2.25,-7.33,101.9,109.2,67.1,0.019,-3.92,103.0,106.9,-3.83,68,83
2-4-23,Central Ark.,Stetson,-15.13,97.6,112.8,71.9,0.06,-2.48,104.7,107.2,-1.38,-1.14,110.7,111.8,63.5,0.031,2.28,106.8,104.5,6.84,80,99
2-4-23,Campbell,Longwood,-7.34,101.6,108.9,64.0,-0.049,-3.4,103.0,106.4,-1.37,0.17,103.3,103.1,66.0,-0.006,-6.68,102.1,108.8,-6.57,50,74
2-4-23,VMI,Mercer,-16.48,98.6,115.0,66.8,-0.023,-1.38,104.1,105.5,-1.15,-5.14,101.9,107.0,64.6,-0.009,-2.29,103.9,106.1,-1.82,54,80
2-4-23,Butler,Marquette,5.31,105.4,100.1,66.2,0.003,9.27,109.3,100.0,1.49,23.09,121.9,98.8,68.8,-0.077,7.88,108.7,100.8,-0.57,52,60
2-4-23,Buffalo,Western Mich.,-0.88,104.2,105.1,72.9,-0.041,1.84,106.4,104.5,5.84,-11.01,104.1,115.1,65.7,-0.061,0.28,105.2,104.9,1.88,85,76
2-4-23,Illinois,Iowa,18.7,111.4,92.7,69.4,-0.002,5.71,106.6,100.9,-5.0,16.21,118.9,102.7,70.2,-0.055,8.19,107.5,99.3,-1.25,79,81
2-4-23,George Mason,Loyola Chicago,2.73,105.1,102.3,66.4,-0.029,-0.54,104.9,105.4,-1.28,-6.26,101.5,107.7,65.3,-0.023,-0.36,104.8,105.1,-3.45,61,69
2-4-23,North Dakota St.,South Dakota St.,-4.99,104.5,109.5,67.6,-0.05,-0.84,105.9,106.8,5.54,-1.38,101.7,103.1,66.7,0.078,1.54,106.1,104.6,8.61,85,90
2-4-23,Saint Francis (PA),Merrimack,-13.98,100.7,114.6,68.5,-0.048,-6.52,101.3,107.8,1.23,-15.62,87.9,103.5,64.9,-0.023,-4.81,102.5,107.3,2.57,66,70
2-4-23,Miami (FL),Clemson,15.88,118.0,102.1,68.1,0.002,4.65,106.7,102.0,-1.08,11.44,109.1,97.6,68.0,0.05,1.29,105.8,104.6,-5.32,78,74
2-4-23,Western Ill.,Omaha,-6.2,104.0,110.2,66.9,0.11,-5.57,103.3,108.9,-3.04,-11.42,101.1,112.5,67.4,0.032,2.24,106.1,103.9,8.2,75,72
2-4-23,ETSU,Samford,-6.51,98.8,105.3,66.6,-0.146,-4.29,104.4,108.7,-4.87,2.32,110.0,107.6,66.3,-0.035,-3.15,103.9,107.0,-2.01,62,73
2-4-23,Coastal Carolina,Arkansas St.,-6.72,104.5,111.2,67.6,0.042,-0.58,105.0,105.6,-2.36,-12.68,97.4,110.1,63.0,0.002,-3.58,102.0,105.6,-10.08,57,73
2-4-23,South Alabama,ULM,-0.39,103.3,103.7,66.2,-0.116,1.31,104.6,103.3,5.84,-7.6,98.9,106.4,66.0,0.028,1.53,104.9,103.4,1.68,72,64
2-4-23,Vermont,UAlbany,2.35,105.4,103.1,64.3,0.009,0.35,105.2,104.9,4.89,-16.04,98.8,114.8,66.9,-0.04,-1.86,104.0,105.9,2.14,87,68
2-4-23,Arkansas,South Carolina,18.89,111.0,92.1,69.4,-0.054,6.71,108.2,101.5,2.75,-6.69,101.2,107.8,64.4,0.074,4.01,106.9,102.9,-3.25,65,63
2-4-23,Alabama,LSU,25.16,115.5,90.4,73.7,0.083,10.48,109.6,99.1,9.25,3.61,105.5,101.9,65.3,0.107,4.33,106.1,101.8,-5.97,79,69
2-4-23,Stony Brook,Hofstra,-12.99,98.2,111.2,63.3,0.035,-2.89,102.7,105.6,1.57,6.35,109.8,103.5,67.2,0.056,1.78,105.3,103.6,7.75,58,79
2-4-23,Purdue,Indiana,26.23,119.5,93.3,63.8,0.032,6.85,107.7,100.9,1.27,19.47,116.2,96.7,68.6,-0.006,6.14,108.0,101.9,-4.23,74,79
2-4-23,Colgate,American,4.54,112.8,108.3,67.1,0.006,-5.18,101.6,106.8,-0.31,-3.43,103.6,107.1,63.0,0.075,-6.49,101.6,108.0,-7.14,60,61
2-4-23,SMU,East Carolina,-0.52,102.6,103.1,69.2,-0.036,4.77,107.0,102.2,3.46,-3.61,102.9,106.6,67.0,0.015,-3.17,103.2,106.3,-9.44,72,77
2-4-23,Jacksonville St.,Bellarmine,-8.16,100.9,109.0,64.7,-0.016,-2.16,104.3,106.4,0.78,-7.7,101.7,109.4,61.1,0.025,1.13,106.1,105.0,6.0,64,71
2-4-23,UNC Asheville,USC Upstate,-0.71,103.0,103.7,68.0,0.182,-3.54,102.6,106.1,-0.44,-9.65,97.6,107.2,67.5,0.041,-1.58,104.5,106.0,2.19,70,76
2-4-23,Queens (NC),Austin Peay,-2.84,109.9,112.7,69.1,0.027,-4.86,103.1,107.9,-3.09,-12.13,97.3,109.5,64.6,-0.052,-1.9,104.6,106.5,1.81,70,69
2-4-23,Southeast Mo. St.,Tennessee Tech,-6.04,100.6,106.6,71.8,0.013,-4.6,102.4,107.0,1.97,-10.76,101.4,112.1,65.6,-0.024,-5.35,101.5,106.8,1.59,80,82
2-4-23,Texas,Kansas St.,22.1,117.8,95.7,69.0,0.06,7.72,108.2,100.4,-1.17,18.37,113.7,95.3,68.9,0.093,6.29,106.5,100.2,-1.75,69,66
2-4-23,Murray St.,Indiana St.,-0.26,106.2,106.4,66.7,0.037,-0.21,104.1,104.3,0.7,3.99,106.8,102.8,71.2,-0.092,-3.14,102.4,105.5,-6.34,56,99
2-4-23,FIU,UAB,-4.84,101.9,106.7,70.1,0.043,-0.66,104.6,105.3,-8.22,10.85,111.2,100.3,70.8,-0.09,-1.09,103.9,105.0,-4.02,72,76
2-4-23,Grambling,Alabama St.,-3.9,99.4,103.3,67.4,0.064,-5.03,100.5,105.5,3.61,-16.67,93.8,110.5,66.6,0.012,-2.78,102.5,105.3,6.52,73,60
2-4-23,UTEP,Western Ky.,-0.39,96.3,96.6,66.2,0.007,0.48,105.6,105.1,-2.55,-0.32,105.2,105.5,66.9,-0.015,0.46,105.2,104.7,-3.77,69,74
2-4-23,James Madison,App State,7.09,105.7,98.6,70.4,-0.098,-2.48,102.7,105.2,-4.02,-0.3,101.3,101.6,65.4,-0.007,-1.03,104.3,105.4,-0.9,63,57
2-4-23,Fla. Atlantic,Charlotte,15.69,113.1,97.4,67.8,0.087,-1.03,103.9,104.9,-3.48,6.1,108.3,102.2,60.7,-0.05,-1.79,103.6,105.4,-6.1,67,52
2-4-23,Morehead St.,Southern Ind.,-9.37,100.8,110.2,64.5,0.166,-4.3,102.7,107.0,4.3,-5.73,104.2,109.9,70.0,0.007,-5.54,102.0,107.5,0.06,71,66
2-4-23,Tennessee St.,Eastern Ill.,-12.82,100.3,113.1,69.7,-0.015,-10.65,99.2,109.8,-8.82,-17.1,93.3,110.4,68.1,0.016,-6.25,102.2,108.5,-2.34,65,61
2-4-23,SIUE,Little Rock,4.37,102.3,97.9,63.7,0.079,-2.14,103.5,105.6,-2.26,-14.67,100.4,115.1,70.3,-0.029,-6.49,101.6,108.1,-0.97,84,81
2-4-23,UT Martin,Lindenwood,-7.63,100.4,108.1,70.6,0.094,-7.52,101.6,109.1,-1.98,-17.62,92.8,110.4,67.0,-0.041,-4.44,102.8,107.2,2.29,75,80
2-4-23,UIW,New Orleans,-16.33,94.6,110.9,67.1,0.05,-8.04,101.1,109.2,-3.43,-17.13,96.3,113.4,71.0,-0.072,-6.44,103.1,109.5,2.26,78,70
2-4-23,Syracuse,Boston College,8.45,110.9,102.5,67.1,-0.041,2.47,107.1,104.6,-4.17,-0.17,100.9,101.1,66.3,0.087,3.66,108.2,104.5,-3.72,77,68
2-4-23,St. John's (NY),Xavier,10.27,108.4,98.2,73.3,0.024,4.15,106.4,102.2,-6.04,18.48,119.1,100.7,71.7,0.032,9.61,110.0,100.3,4.53,71,96
2-4-23,NIU,Bowling Green,-7.6,100.2,107.8,68.5,0.02,0.03,105.1,105.1,2.56,-6.78,104.0,110.8,69.3,-0.04,-4.17,104.8,109.0,-4.68,86,78
2-4-23,Jacksonville,North Florida,-2.19,102.5,104.7,61.8,0.074,1.41,106.6,105.2,6.3,-9.41,106.2,115.6,68.2,-0.012,0.81,106.5,105.7,5.38,58,65
2-4-23,Boston U.,Loyola Maryland,-8.55,98.1,106.6,65.5,-0.012,-4.29,102.3,106.6,-3.8,-15.43,94.9,110.3,65.1,0.017,-4.57,102.6,107.1,-3.48,68,67
2-4-23,Liberty,Lipscomb,14.85,110.7,95.9,63.0,-0.011,-3.16,103.6,106.7,1.18,-1.37,103.4,104.8,69.0,-0.04,-3.87,104.1,108.0,-3.47,64,69
2-4-23,Sam Houston,UT Arlington,11.95,107.6,95.6,65.0,0.028,3.63,106.0,102.4,7.93,-9.73,98.2,107.9,65.2,-0.017,2.08,104.6,102.5,4.04,58,70
2-4-23,Idaho,Sacramento St.,-10.81,104.3,115.1,66.2,-0.094,-5.04,102.4,107.5,-7.15,-1.78,104.8,106.6,62.2,0.029,-0.7,104.7,105.4,3.14,82,76
2-4-23,Norfolk St.,Hampton,-1.29,108.6,109.9,65.0,0.117,-5.31,101.8,107.1,1.31,-17.0,98.2,115.2,68.3,-0.017,-3.28,103.0,106.3,-1.24,83,71
2-4-23,UTRGV,Tarleton St.,-8.68,101.2,109.9,74.0,0.09,-1.17,105.2,106.4,-5.36,-1.32,103.3,104.7,67.2,0.064,3.32,105.9,102.6,6.47,68,65
2-4-23,Illinois St.,Belmont,-6.65,100.8,107.5,64.6,-0.012,-3.68,102.4,106.1,-6.39,3.25,108.9,105.7,67.6,0.093,-0.83,103.8,104.6,0.56,75,90
2-4-23,Ark.-Pine Bluff,Alcorn,-12.7,94.1,106.8,70.3,0.039,-0.56,101.8,102.4,14.65,-6.95,100.9,107.8,67.0,0.103,-0.15,101.8,101.9,9.34,67,70
2-4-23,McNeese,Tex. A&M-Commerce,-15.3,100.8,116.1,66.0,-0.059,-1.48,104.3,105.7,7.49,-11.43,98.9,110.3,64.8,0.055,-5.79,102.7,108.5,1.28,58,60
2-4-23,Missouri,Mississippi St.,14.58,119.6,105.0,70.2,0.09,5.11,106.5,101.4,-3.67,14.63,105.6,91.0,63.7,-0.017,5.66,105.9,100.3,-3.24,52,63
2-4-23,Yale,Dartmouth,8.68,109.2,100.6,65.8,-0.047,-1.99,102.6,104.6,-0.18,-8.04,97.6,105.6,68.5,-0.015,-1.43,103.5,104.9,-3.17,72,53
2-4-23,Columbia,Princeton,-16.62,93.1,109.7,68.9,0.002,-3.34,102.8,106.2,-6.16,5.17,108.8,103.6,66.7,0.001,-2.4,103.1,105.5,-4.24,66,88
2-4-23,Cornell,Penn,6.05,115.3,109.3,71.3,-0.023,-2.95,102.8,105.7,-3.39,1.93,109.4,107.5,66.2,-0.048,0.17,104.8,104.7,-0.28,86,92
2-4-23,Brown,Harvard,-2.3,99.4,101.7,68.5,-0.017,-3.27,103.2,106.5,-3.74,0.66,100.6,100.0,65.6,-0.021,-0.82,104.1,105.0,-1.54,68,65
2-4-23,Southern U.,Alabama A&M,-4.03,99.2,103.2,72.2,0.028,-2.88,102.6,105.5,8.39,-15.58,93.4,109.0,70.6,0.015,-7.28,100.6,107.9,0.81,61,82
2-4-23,St. Thomas (MN),Denver,-4.21,108.2,112.4,65.1,0.027,-4.56,102.5,107.0,-1.92,-10.3,102.4,112.7,68.1,0.084,-4.88,103.4,108.3,-7.74,68,57
2-4-23,Northern Colo.,Montana St.,-7.53,104.8,112.4,69.5,0.054,0.61,105.9,105.2,4.94,5.26,104.9,99.6,66.9,0.014,-0.35,105.8,106.1,4.26,62,75
2-4-23,Florida A&M,Texas Southern,-21.76,88.1,109.9,63.8,-0.016,0.26,103.8,103.5,14.07,-11.42,95.0,106.4,69.3,0.011,-0.97,102.9,103.9,10.89,76,69
2-4-23,Wofford,Furman,-2.1,108.2,110.3,65.9,0.008,-2.31,104.1,106.4,-0.47,7.78,113.5,105.7,68.7,-0.019,-2.52,103.9,106.4,-2.16,67,80
2-4-23,UTSA,Middle Tenn.,-12.67,101.0,113.7,67.0,0.009,-0.21,103.4,103.6,-6.48,4.02,104.7,100.6,66.9,0.029,2.89,107.2,104.3,2.63,60,84
2-4-23,Bradley,UNI,7.87,106.6,98.7,65.6,-0.013,-1.37,103.1,104.4,0.48,-0.45,102.8,103.2,67.5,-0.02,-2.55,103.5,106.0,-1.73,77,69
2-4-23,Mississippi Val.,Jackson St.,-22.1,90.1,112.2,66.6,-0.045,-0.02,103.7,103.8,8.97,-12.56,97.4,110.0,69.0,0.053,0.84,103.8,102.9,9.38,82,78
2-4-23,North Carolina,Duke,17.26,115.1,97.9,68.8,-0.029,6.94,108.5,101.6,7.34,17.65,113.6,96.0,65.5,0.03,6.23,108.6,102.3,3.5,57,63
2-4-23,Charleston So.,High Point,-7.83,108.9,116.7,65.2,-0.077,-2.11,103.8,105.9,2.0,-11.13,99.2,110.4,72.6,0.065,-4.62,103.1,107.7,-4.54,73,81
2-4-23,Central Mich.,Toledo,-12.26,95.3,107.6,67.6,0.012,-2.53,104.2,106.8,-0.51,5.58,116.7,111.1,70.4,0.035,-2.69,103.9,106.6,-0.83,59,84
2-4-23,Northern Ky.,Youngstown St.,-2.7,100.1,102.8,62.5,0.04,-5.27,103.0,108.3,2.96,4.04,114.0,109.9,67.6,-0.034,-6.11,102.6,108.8,-4.74,56,74
2-4-23,Kennesaw St.,Eastern Ky.,2.02,105.7,103.7,68.7,0.145,-1.33,105.1,106.4,5.05,-1.22,104.6,105.9,70.0,0.088,-0.47,103.8,104.3,2.85,74,77
2-4-23,North Ala.,FGCU,-8.64,104.6,113.2,68.4,0.118,-3.51,103.1,106.6,-0.81,0.11,105.1,105.0,65.8,0.084,-1.16,104.2,105.3,1.44,87,85
2-4-23,Wright St.,Robert Morris,-3.46,102.8,106.3,72.1,-0.052,-6.36,102.2,108.5,-2.34,-5.88,99.0,104.9,66.4,-0.033,-4.0,103.6,107.6,-1.72,82,67
2-4-23,Northwestern St.,Lamar University,-2.8,105.3,108.1,66.2,0.089,-4.28,103.6,107.9,3.84,-23.43,93.5,117.0,66.0,0.042,-6.32,101.7,108.1,-1.73,72,68
2-4-23,Washington St.,UCLA,12.79,110.6,97.8,63.7,-0.154,9.25,108.9,99.6,4.51,26.32,115.7,89.4,65.7,-0.02,7.95,108.9,100.9,1.28,52,76
2-4-23,Army West Point,Bucknell,-4.7,104.8,109.5,68.3,-0.094,-7.43,100.4,107.8,-6.75,-11.99,97.8,109.8,67.2,-0.084,-7.83,99.1,106.9,-6.75,67,73
2-4-23,Drake,Valparaiso,9.02,106.7,97.7,66.4,0.019,-1.42,103.8,105.3,-1.17,-8.93,98.4,107.3,67.8,0.044,-3.12,103.3,106.4,-4.5,85,82
2-4-23,Texas St.,Troy,-2.94,100.1,103.0,64.0,0.044,-0.2,104.1,104.3,-0.49,2.1,103.5,101.4,67.5,-0.064,0.16,104.0,103.9,0.14,64,68
2-4-23,Ga. Southern,Old Dominion,-4.29,101.5,105.8,65.4,0.019,-1.63,104.7,106.4,-3.21,-0.52,103.4,103.9,64.7,0.04,-1.47,104.0,105.5,-1.07,58,64
2-4-23,UC Irvine,Long Beach St.,7.19,108.6,101.4,68.9,-0.049,0.25,103.6,103.3,3.25,0.98,104.5,103.6,73.4,0.004,0.52,103.9,103.4,6.02,88,93
2-4-23,Villanova,Creighton,10.76,112.8,102.0,63.4,-0.108,7.27,109.0,101.7,4.02,21.82,116.0,94.2,68.2,-0.133,9.2,109.4,100.2,5.31,61,66
2-4-23,Weber St.,Idaho St.,-3.16,99.4,102.6,65.4,0.016,-0.16,105.4,105.5,3.77,-7.84,101.6,109.4,65.6,-0.088,-2.4,104.1,106.5,-1.56,72,71
2-4-23,Marshall,Louisiana,10.18,111.4,101.2,71.3,-0.077,-4.63,102.8,107.4,-4.63,6.32,112.4,106.0,68.8,0.103,-1.24,103.3,104.5,0.14,67,77
2-4-23,Nicholls,Houston Christian,-6.41,100.0,106.5,69.9,0.023,1.01,106.6,105.6,13.81,-17.57,101.5,119.0,70.1,-0.031,-5.88,103.4,109.3,-0.13,92,91
2-4-23,North Texas,Rice,10.75,106.6,95.9,58.6,0.094,1.12,104.9,103.8,1.55,0.34,108.2,107.9,69.9,0.155,-1.1,103.3,104.4,-6.0,74,64
2-4-23,SFA,Grand Canyon,3.89,106.3,102.4,68.8,-0.004,-1.04,103.6,104.6,-1.02,4.15,109.4,105.3,64.1,0.018,0.48,103.9,103.4,-0.48,83,86
2-4-23,Utah St.,Colorado St.,14.74,117.3,102.5,68.4,0.05,4.91,106.8,101.9,3.17,4.97,110.7,105.7,66.4,-0.082,5.5,106.9,101.4,1.76,88,79
2-4-23,Portland,Pepperdine,-0.25,109.1,109.3,69.4,-0.026,4.17,107.2,103.0,0.03,-1.21,104.2,105.4,72.5,-0.162,4.71,108.1,103.4,3.08,93,94
2-4-23,Dayton,St. Bonaventure,12.49,108.2,95.7,63.8,-0.077,-0.37,104.2,104.5,-1.65,0.01,102.4,102.3,65.0,-0.007,-0.78,104.2,105.0,-2.39,59,68
2-4-23,Oklahoma,West Virginia,15.67,113.3,97.6,64.1,-0.045,10.33,108.1,97.8,3.9,18.87,115.5,96.6,68.2,-0.089,9.48,109.6,100.1,2.09,61,93
2-4-23,Florida,Kentucky,14.53,105.8,91.3,69.4,-0.07,7.37,108.9,101.6,5.21,16.38,114.8,98.4,65.6,-0.017,4.32,107.3,103.0,-0.94,67,72
2-4-23,Georgia,Texas A&M,6.3,106.1,99.8,67.6,0.056,0.16,104.7,104.6,-7.09,15.11,114.0,98.9,66.5,-0.007,4.01,105.9,101.9,-1.57,57,82
2-4-23,UC Riverside,Cal St. Fullerton,0.94,106.1,105.2,66.8,0.142,-0.22,104.0,104.2,4.24,2.01,102.7,100.7,64.6,-0.056,0.69,104.4,103.7,2.93,58,64
2-4-23,Pacific,BYU,-2.7,106.7,109.4,69.9,0.031,-0.21,105.0,105.2,-5.33,9.26,104.6,95.4,70.1,-0.084,4.04,107.0,102.9,1.58,66,81
2-4-23,Southern Utah,Utah Tech,5.24,109.1,103.9,71.7,0.029,2.31,105.1,102.8,4.46,-2.44,105.2,107.6,69.7,-0.056,2.17,105.6,103.4,2.39,79,86
2-4-23,Northern Ariz.,Montana,-8.94,102.8,111.8,66.7,-0.022,1.89,106.2,104.3,7.09,-1.35,106.9,108.2,63.0,-0.057,-0.83,104.9,105.8,2.48,66,67
2-4-23,Maryland,Minnesota,16.65,112.6,96.0,65.5,0.006,6.76,108.1,101.3,-3.05,-1.41,100.5,101.9,64.7,0.022,6.33,107.4,101.0,-5.86,81,46
2-4-23,Seattle U,New Mexico St.,4.7,103.2,98.5,68.7,0.118,0.6,105.1,104.5,0.16,-1.81,105.4,107.2,68.8,-0.134,4.46,105.9,101.5,5.03,75,82
2-4-23,Oregon St.,Arizona,-1.88,100.7,102.5,63.6,0.001,4.79,105.9,101.2,-5.38,21.48,117.1,95.7,72.4,0.086,7.63,107.4,99.8,3.83,52,84
2-4-23,Washington,Southern California,5.07,105.7,100.6,68.8,0.084,6.11,106.4,100.3,-1.14,15.08,112.2,97.2,67.4,0.039,7.1,106.3,99.2,1.13,74,80
2-4-23,UC Santa Barbara,CSUN,8.15,107.1,99.0,65.0,0.019,-4.22,101.9,106.1,-3.87,-14.4,94.6,109.0,64.3,-0.004,-0.54,104.0,104.5,-3.45,67,72
2-4-23,Abilene Christian,California Baptist,-4.14,103.1,107.3,69.0,-0.01,-1.38,103.9,105.3,-1.85,2.23,103.7,101.4,63.9,-0.057,-3.47,102.3,105.8,-6.21,87,71
2-4-23,Hawaii,Cal Poly,3.66,103.0,99.3,65.0,-0.017,-4.75,101.4,106.1,-5.87,-11.95,94.4,106.3,63.4,-0.058,-1.16,103.4,104.6,-0.79,69,56
2-4-23,CSU Bakersfield,UC San Diego,-12.1,95.0,107.1,62.3,-0.021,0.55,103.8,103.3,-0.4,-8.96,99.5,108.5,64.6,0.064,0.42,105.3,104.8,2.24,75,69
2-4-23,Oregon,Arizona St.,14.04,113.1,99.0,66.4,-0.01,8.12,107.6,99.5,5.1,11.77,108.0,96.2,68.0,0.065,5.94,107.1,101.2,-0.09,75,70
2-4-23,Eastern Wash.,Portland St.,1.38,107.7,106.3,68.7,0.113,-2.08,104.0,106.1,1.23,-5.63,102.9,108.6,71.2,0.01,1.38,105.7,104.4,5.47,98,88
2-4-23,Wyoming,San Jose St.,0.06,108.2,108.1,65.2,-0.109,4.42,106.6,102.2,-0.46,4.88,109.7,104.9,62.3,0.054,3.72,106.4,102.7,-2.31,64,84
2-4-23,Santa Clara,San Francisco,7.39,109.9,102.5,69.9,0.087,3.03,106.8,103.7,0.47,6.86,109.0,102.1,69.2,-0.019,0.86,105.0,104.2,-3.35,84,70
2-4-23,LMU (CA),San Diego,8.6,108.8,100.2,67.5,0.037,2.11,107.4,105.3,0.77,-2.52,111.3,113.8,69.0,-0.022,1.05,105.0,104.0,-2.23,79,87
2-4-23,Gonzaga,Saint Mary's (CA),19.64,119.4,99.8,70.3,0.069,7.07,109.5,102.5,9.26,23.71,113.1,89.4,61.9,-0.041,4.03,107.7,103.6,3.87,70,78
2-5-23,La Salle,Saint Joseph's,-7.42,99.9,107.3,67.7,0.073,-0.58,104.3,104.9,-2.19,-1.37,104.1,105.4,69.2,-0.01,-1.1,104.3,105.4,-4.26,73,65
2-5-23,Fordham,Richmond,1.41,102.3,100.9,69.6,0.143,-6.77,100.5,107.3,-11.99,2.8,104.3,101.5,64.9,-0.045,0.24,105.1,104.9,-2.41,58,68
2-5-23,DePaul,Seton Hall,2.46,107.3,104.8,68.6,0.023,7.28,108.6,101.3,2.51,14.12,107.0,92.8,66.0,-0.012,9.9,109.9,100.0,4.08,64,69
2-5-23,Ohio St.,Michigan,18.09,118.1,100.0,66.6,-0.167,8.59,108.4,99.8,-2.23,11.44,111.5,100.1,68.0,-0.046,7.3,108.7,101.4,0.54,69,77
2-5-23,Missouri St.,Southern Ill.,2.29,105.0,102.7,62.5,-0.055,0.86,104.0,103.2,2.66,4.37,102.3,97.9,63.7,0.079,-2.14,103.5,105.6,-2.26,53,73
2-5-23,Rider,Manhattan,-1.22,106.6,107.9,64.9,0.001,-3.13,101.8,104.9,-0.97,-10.98,98.6,109.6,67.2,-0.002,-5.03,101.6,106.6,-5.38,67,56
2-5-23,Canisius,Marist,-8.89,99.6,108.5,67.3,-0.058,0.14,105.3,105.1,4.66,-12.22,95.2,107.4,65.1,-0.012,-6.31,100.4,106.7,-9.03,67,75
2-5-23,Niagara,Siena,-6.37,100.6,107.0,62.3,0.099,-4.38,102.3,106.6,-4.86,1.95,105.2,103.2,66.8,0.023,-3.49,101.8,105.3,-1.19,56,54
2-5-23,Iona,Fairfield,8.66,108.4,99.7,69.1,-0.026,-0.34,104.2,104.5,4.3,-5.6,99.1,104.7,64.6,0.013,-3.87,102.2,106.0,-0.85,70,61
2-5-23,Mount St. Mary's,Quinnipiac,-10.27,95.3,105.6,65.6,-0.067,-5.04,101.4,106.4,-2.11,3.69,105.1,101.4,69.5,-0.008,-3.79,101.5,105.3,-2.1,79,75
2-5-23,Wichita St.,Tulsa,4.26,103.3,99.0,65.5,-0.054,1.12,105.0,103.9,-1.9,-6.47,102.4,108.9,68.2,-0.057,2.21,105.5,103.3,-2.25,86,75
2-5-23,Penn St.,Nebraska,15.44,115.1,99.6,64.9,-0.023,5.81,107.4,101.6,-3.67,6.3,103.9,97.6,65.9,0.015,11.69,110.9,99.2,2.99,63,72
2-5-23,California,Utah,-6.93,100.6,107.6,62.2,-0.125,5.23,106.4,101.2,1.03,14.81,109.1,94.3,66.5,-0.041,3.97,105.7,101.7,-4.87,46,61
2-5-23,Houston,Temple,29.24,118.6,89.3,63.0,0.016,2.83,106.6,103.8,0.38,5.91,105.8,99.9,66.3,0.058,3.29,105.7,102.4,1.16,81,65
2-5-23,Northwestern,Wisconsin,15.1,109.4,94.3,66.3,0.048,4.08,105.6,101.5,-3.49,10.96,106.9,96.0,62.6,0.043,9.55,110.0,100.5,1.75,54,52
2-5-23,Stanford,Colorado,6.73,108.5,101.7,65.8,-0.143,3.94,105.9,102.0,0.1,12.3,106.4,94.1,69.7,-0.104,6.07,107.3,101.2,2.89,62,84
2-6-23,Tarleton St.,UT Arlington,-1.32,103.3,104.7,67.2,0.064,3.32,105.9,102.6,6.47,-9.73,98.2,107.9,65.2,-0.017,2.08,104.6,102.5,4.04,69,64
2-6-23,UMass Lowell,Hartford,-0.26,104.9,105.2,69.1,0.016,-8.97,99.0,108.0,-10.3,-26.31,90.6,116.9,65.6,-0.047,-8.4,100.7,109.1,-8.4,70,48
2-6-23,Lafayette,Holy Cross,-6.2,97.5,103.7,62.1,-0.085,-0.52,105.3,105.8,4.62,-14.9,93.7,108.6,67.1,-0.027,-5.33,101.2,106.5,-4.0,72,58
2-6-23,Duke,Miami (FL),17.65,113.6,96.0,65.5,0.03,6.23,108.6,102.3,3.5,15.88,118.0,102.1,68.1,0.002,4.65,106.7,102.0,-1.08,59,81
2-6-23,Grambling,Alabama A&M,-3.9,99.4,103.3,67.4,0.064,-5.03,100.5,105.5,3.61,-15.58,93.4,109.0,70.6,0.015,-7.28,100.6,107.9,0.81,66,60
2-6-23,Idaho St.,Northern Ariz.,-7.84,101.6,109.4,65.6,-0.088,-2.4,104.1,106.5,-1.56,-8.94,102.8,111.8,66.7,-0.022,1.89,106.2,104.3,7.09,75,70
2-6-23,Green Bay,Milwaukee,-26.98,91.4,118.4,65.2,0.023,-1.36,104.5,105.8,1.86,-2.44,102.0,104.5,71.8,0.111,-3.19,103.9,107.1,1.28,80,79
2-6-23,Mississippi Val.,Alcorn,-22.1,90.1,112.2,66.6,-0.045,-0.02,103.7,103.8,8.97,-6.95,100.9,107.8,67.0,0.103,-0.15,101.8,101.9,9.34,70,81
2-6-23,Southern U.,Alabama St.,-4.03,99.2,103.2,72.2,0.028,-2.88,102.6,105.5,8.39,-16.67,93.8,110.5,66.6,0.012,-2.78,102.5,105.3,6.52,66,73
2-6-23,Ark.-Pine Bluff,Jackson St.,-12.7,94.1,106.8,70.3,0.039,-0.56,101.8,102.4,14.65,-12.56,97.4,110.0,69.0,0.053,0.84,103.8,102.9,9.38,84,88
2-6-23,Florida A&M,Prairie View,-21.76,88.1,109.9,63.8,-0.016,0.26,103.8,103.5,14.07,-8.67,94.0,102.7,67.5,-0.039,-2.85,102.0,104.8,5.79,45,75
2-6-23,Texas,Kansas,22.1,117.8,95.7,69.0,0.06,7.72,108.2,100.4,-1.17,22.62,115.6,93.0,68.4,0.086,11.9,110.3,98.4,7.47,80,88
2-6-23,Weber St.,Northern Colo.,-3.16,99.4,102.6,65.4,0.016,-0.16,105.4,105.5,3.77,-7.53,104.8,112.4,69.5,0.054,0.61,105.9,105.2,4.94,54,88
2-7-23,Marquette,UConn,22.61,120.8,98.2,68.8,-0.064,7.18,108.6,101.4,-0.85,24.4,118.7,94.3,67.1,-0.063,7.03,108.0,101.0,-0.07,72,87
2-7-23,Rutgers,Indiana,20.41,107.8,87.4,66.2,-0.065,5.74,109.0,103.3,-6.41,19.07,116.4,97.4,68.4,-0.003,7.66,109.3,101.6,-3.72,60,66
2-7-23,Cincinnati,Tulane,12.65,110.4,97.8,68.4,-0.018,2.3,107.0,104.7,-2.9,9.38,111.4,102.0,72.5,-0.008,0.35,105.2,104.8,-6.47,94,101
2-7-23,Eastern Mich.,Buffalo,-11.54,103.4,115.0,70.1,-0.033,-1.32,105.8,107.2,-0.15,-0.45,105.0,105.5,73.0,-0.025,1.41,106.8,105.3,6.01,97,102
2-7-23,Louisville,Pittsburgh,-10.13,99.1,109.2,67.3,-0.047,4.35,107.6,103.2,1.62,12.2,112.0,99.8,66.8,0.052,4.43,108.4,104.0,-3.46,57,91
2-7-23,Bowling Green,Kent St.,-7.52,104.8,112.3,69.2,-0.05,-4.61,104.7,109.3,-4.88,10.12,106.6,96.5,67.6,0.003,-0.76,105.9,106.7,2.99,64,87
2-7-23,Ole Miss,Georgia,5.6,106.8,101.2,65.7,-0.079,7.22,108.3,101.1,1.43,4.72,107.1,102.4,67.3,0.077,2.21,105.9,103.7,-7.06,78,74
2-7-23,North Carolina,Wake Forest,16.4,114.1,97.7,68.6,-0.062,7.77,109.2,101.4,7.66,11.27,115.2,104.0,69.1,-0.01,5.01,107.0,101.9,-1.45,85,92
2-7-23,Auburn,Texas A&M,18.59,111.6,93.0,67.6,-0.013,6.7,107.3,100.6,3.79,15.98,114.9,99.0,66.4,-0.01,3.75,106.3,102.5,-1.63,78,83
2-7-23,Chicago St.,Delaware St.,-8.83,103.6,112.4,64.1,-0.045,0.65,105.8,105.2,1.62,-19.98,92.6,112.6,66.5,0.021,-1.11,104.2,105.3,3.52,60,66
2-7-23,Ball St.,Central Mich.,0.47,107.5,107.1,66.9,0.069,-3.41,104.8,108.2,-4.04,-12.92,95.1,108.0,67.5,0.016,-2.08,105.4,107.4,-1.29,65,51
2-7-23,Dayton,VCU,10.62,108.6,98.0,63.8,-0.069,-0.66,104.4,105.1,-1.83,10.26,105.3,95.0,68.3,0.025,0.09,104.8,104.7,-1.96,62,58
2-7-23,Western Mich.,Miami (OH),-11.58,104.5,116.0,65.7,-0.063,-0.37,105.2,105.6,1.21,-10.51,104.1,114.6,67.6,-0.087,-1.57,105.2,106.8,-1.46,78,85
2-7-23,Toledo,Akron,5.94,117.1,111.2,70.2,0.029,-3.48,103.7,107.2,-0.97,6.79,107.4,100.7,64.3,0.049,-2.62,104.0,106.6,0.07,84,74
2-7-23,ETSU,UNC Greensboro,-5.05,99.9,105.0,66.3,-0.169,-4.19,104.8,109.0,-4.58,4.87,100.6,95.8,65.7,-0.006,-1.07,106.3,107.4,3.63,65,91
2-7-23,Drake,Murray St.,8.26,107.0,98.7,66.3,0.041,-1.86,103.9,105.7,-1.45,-2.23,106.2,108.5,66.6,0.083,0.04,104.9,104.9,0.03,92,68
2-7-23,Ohio,NIU,0.77,110.1,109.3,67.8,-0.044,-1.24,106.2,107.5,0.72,-6.82,101.4,108.3,68.6,0.037,-0.22,105.6,105.9,2.38,82,76
2-7-23,St. John's (NY),Butler,8.5,108.6,100.1,73.3,0.023,5.35,107.2,101.9,-6.41,5.47,105.0,99.5,66.1,-0.011,9.95,110.1,100.2,1.39,66,68
2-7-23,Colorado St.,Air Force,3.72,111.1,107.3,66.4,-0.098,5.58,107.7,102.2,1.54,0.51,105.7,105.2,62.7,-0.025,-0.67,105.4,106.1,-10.89,69,53
2-7-23,TCU,Kansas St.,20.12,113.4,93.3,70.1,-0.024,6.53,108.0,101.5,-6.27,18.36,113.7,95.3,69.3,0.056,8.29,108.1,99.8,-1.17,61,82
2-7-23,South Carolina,Missouri,-6.26,101.9,108.1,64.2,0.055,4.27,107.3,103.0,-3.39,13.88,118.9,105.0,70.2,0.081,5.33,107.1,101.8,-3.93,74,83
2-7-23,Rhode Island,Saint Louis,-3.73,100.5,104.3,67.3,-0.011,-0.35,103.9,104.2,-1.26,7.68,111.6,103.9,68.7,0.039,2.53,105.2,102.7,4.37,71,76
2-7-23,NC State,Virginia,14.55,113.6,99.0,69.5,0.04,2.19,107.2,105.0,-4.8,20.42,115.7,95.3,62.0,0.03,6.67,109.1,102.5,2.31,50,63
2-7-23,Arkansas,Kentucky,18.15,111.1,93.0,69.1,-0.037,6.33,108.5,102.2,3.01,16.8,116.3,99.5,65.4,0.006,5.38,107.9,102.5,-0.09,88,73
2-7-23,Maryland,Michigan St.,18.97,114.1,95.1,65.1,0.008,6.99,108.3,101.4,-3.2,15.09,110.9,95.8,64.9,0.027,11.55,111.4,99.9,4.93,58,63
2-7-23,San Jose St.,Fresno St.,5.97,110.8,104.8,62.5,0.054,3.32,107.0,103.7,-1.95,-0.23,101.5,101.7,63.5,-0.014,5.62,108.9,103.2,2.05,62,70
2-7-23,Nevada,New Mexico,15.12,112.6,97.5,65.9,0.047,6.95,109.0,102.1,3.35,14.64,114.2,99.6,71.1,0.017,2.82,106.8,104.0,-1.91,77,76
2-8-23,Hofstra,Northeastern,6.59,110.7,104.1,67.1,0.063,0.56,105.2,104.7,7.65,-9.0,99.2,108.2,67.4,-0.02,-4.67,102.4,107.1,-1.05,72,53
2-8-23,Loyola Maryland,Army West Point,-15.71,95.5,111.2,65.1,-0.0,-5.28,102.4,107.7,-3.83,-5.17,104.9,110.1,68.1,-0.081,-7.5,100.4,107.9,-7.28,70,76
2-8-23,Nebraska,Michigan,6.67,104.5,97.8,65.9,0.025,10.98,111.1,100.1,2.46,13.19,112.5,99.3,67.7,-0.032,7.7,109.3,101.6,0.42,72,93
2-8-23,Winthrop,UNC Asheville,-6.2,107.1,113.3,66.2,0.009,-1.79,104.5,106.3,3.35,-0.6,103.6,104.2,67.9,0.14,-4.42,102.5,106.9,-0.56,79,86
2-8-23,Creighton,Seton Hall,21.3,114.6,93.3,68.1,-0.105,8.53,109.7,101.2,5.38,14.06,107.0,92.9,66.5,0.015,9.07,109.7,100.6,3.57,75,62
2-8-23,Monmouth,Stony Brook,-18.18,91.5,109.6,67.8,0.017,2.58,106.8,104.2,7.05,-14.38,98.0,112.4,63.1,0.035,-2.51,103.3,105.8,2.62,61,54
2-8-23,Charleston So.,USC Upstate,-8.79,108.6,117.4,65.1,-0.09,-2.7,103.5,106.2,1.81,-9.82,98.6,108.4,67.5,0.051,-2.19,104.4,106.6,1.67,60,77
2-8-23,American,Boston U.,-4.6,103.4,108.0,63.1,0.076,-7.22,101.4,108.7,-7.87,-9.98,98.6,108.6,65.7,0.003,-5.45,101.6,107.0,-4.26,54,60
2-8-23,Vermont,Maine,3.11,107.0,103.9,64.4,0.012,-0.04,105.0,105.1,5.24,-6.98,101.7,108.7,65.8,-0.056,-3.01,102.6,105.6,-0.09,74,65
2-8-23,Valparaiso,Indiana St.,-8.38,98.7,107.1,67.7,0.017,-2.32,104.2,106.5,-4.09,5.87,108.4,102.6,70.9,-0.085,-4.09,102.4,106.5,-6.43,62,84
2-8-23,NJIT,UMBC,-14.24,96.7,110.9,66.1,-0.027,-4.65,103.6,108.2,-3.89,-4.82,108.4,113.3,67.6,0.052,-6.82,101.0,107.8,-7.35,63,72
2-8-23,IUPUI,Wright St.,-23.49,93.1,116.6,66.7,-0.088,-6.72,101.9,108.6,-6.46,-2.11,103.2,105.3,71.9,-0.066,-5.77,103.0,108.8,-2.18,71,103
2-8-23,La Salle,St. Bonaventure,-5.88,100.9,106.8,67.5,0.075,-1.01,104.3,105.3,-2.15,1.01,103.1,102.1,65.1,0.017,-0.61,104.6,105.2,-3.05,76,70
2-8-23,Central Conn. St.,Hartford,-15.16,96.7,111.8,64.0,-0.122,-8.66,99.1,107.8,-1.75,-27.62,88.7,116.3,65.6,-0.041,-8.75,100.8,109.6,-8.43,82,73
2-8-23,Belmont,Missouri St.,3.3,110.6,107.3,67.7,0.064,-1.38,103.9,105.2,0.51,1.06,104.9,103.9,62.5,-0.031,0.52,104.0,103.5,2.69,59,61
2-8-23,High Point,Campbell,-11.52,100.1,111.7,72.1,0.076,-4.61,103.4,108.0,-4.27,-7.85,102.0,109.9,64.1,-0.035,-3.67,102.9,106.6,-1.56,66,82
2-8-23,Binghamton,New Hampshire,-12.69,98.7,111.4,66.0,0.034,-4.96,102.8,107.8,-4.83,-8.53,97.6,106.1,64.3,0.011,-5.44,102.2,107.6,-4.75,66,64
2-8-23,Drexel,Delaware,-2.52,102.0,104.5,63.6,-0.056,-6.11,101.4,107.5,-1.67,-4.54,103.1,107.6,66.9,0.005,-2.15,104.8,107.0,-0.14,58,54
2-8-23,Elon,N.C. A&T,-13.0,98.8,111.8,66.7,-0.061,-1.52,103.5,105.0,-1.49,-9.33,101.5,110.8,69.6,0.059,-0.57,104.1,104.7,5.94,61,66
2-8-23,Massachusetts,Fordham,-0.75,103.6,104.3,71.1,0.075,-0.26,104.3,104.6,-1.37,1.76,102.5,100.8,69.6,0.131,-5.77,101.2,107.0,-12.16,67,77
2-8-23,Boston College,Virginia Tech,-0.74,101.7,102.4,66.1,0.077,3.54,108.0,104.5,-3.44,14.36,114.1,99.7,66.6,-0.082,5.92,108.1,102.2,-3.48,82,76
2-8-23,George Mason,Duquesne,2.23,104.6,102.4,66.3,-0.031,-0.91,105.0,105.9,-1.21,5.24,109.9,104.7,67.5,0.016,-1.52,104.8,106.3,-4.33,52,75
2-8-23,Lehigh,Colgate,-6.9,99.2,106.1,69.7,0.131,-5.29,102.1,107.4,-0.38,4.22,112.0,107.8,67.1,-0.018,-5.05,102.2,107.3,-0.16,53,81
2-8-23,Notre Dame,Georgia Tech,-0.55,109.9,110.5,64.2,-0.016,0.8,106.2,105.4,-2.75,-2.97,101.1,104.1,66.5,-0.046,5.77,108.7,103.0,-1.47,68,70
2-8-23,Memphis,South Fla.,15.31,112.9,97.6,71.7,-0.092,4.89,107.2,102.3,5.57,2.68,106.6,103.9,68.3,-0.133,-0.44,104.5,104.9,-6.26,99,81
2-8-23,The Citadel,Chattanooga,-12.59,99.9,112.5,67.5,0.008,-3.99,103.6,107.6,-3.33,-1.43,109.2,110.6,67.2,-0.072,-0.66,105.0,105.7,1.51,63,82
2-8-23,Bryant,UAlbany,-1.23,107.3,108.5,72.7,0.074,-3.55,103.3,106.8,2.22,-16.92,98.8,115.7,66.9,-0.035,-1.61,104.1,105.7,1.77,87,62
2-8-23,Presbyterian,Longwood,-15.05,96.4,111.4,63.8,-0.098,-4.2,103.5,107.7,-3.98,0.65,103.8,103.1,66.1,-0.031,-7.04,102.5,109.6,-6.92,46,66
2-8-23,Samford,Mercer,2.75,110.2,107.4,66.8,-0.014,-3.67,103.9,107.6,-1.67,-5.61,101.4,107.0,64.7,-0.019,-3.17,103.6,106.8,-2.2,70,69
2-8-23,Tennessee,Vanderbilt,27.5,111.3,83.8,66.6,-0.003,6.14,107.3,101.1,3.04,6.36,111.6,105.3,65.9,0.008,7.64,108.3,100.7,1.67,65,66
2-8-23,Richmond,George Washington,2.47,103.9,101.4,65.0,-0.049,-0.27,105.2,105.5,-2.32,-3.48,108.0,111.5,69.0,-0.021,-2.15,103.2,105.4,-5.53,105,107
2-8-23,Western Caro.,Wofford,-6.64,102.3,108.9,67.8,0.011,-4.16,103.6,107.8,-3.83,-4.32,107.7,112.0,65.3,0.017,-1.6,104.8,106.4,-0.94,95,91
2-8-23,Bucknell,Navy,-10.65,99.2,109.9,67.0,-0.05,-7.82,99.7,107.5,-6.95,-1.65,105.5,107.1,64.8,-0.034,-5.21,102.0,107.2,-1.52,65,71
2-8-23,Syracuse,Florida St.,8.65,111.9,103.2,67.0,-0.031,2.25,107.0,104.7,-4.29,-0.48,107.3,107.8,68.9,-0.015,5.79,108.3,102.5,3.13,76,67
2-8-23,Hampton,Towson,-17.06,97.5,114.6,68.3,-0.002,-4.18,103.5,107.6,-1.61,2.95,107.8,104.9,63.2,-0.013,-4.59,102.6,107.2,-3.25,72,86
2-8-23,Furman,VMI,8.49,113.4,104.9,68.7,-0.02,-3.12,104.6,107.7,-2.31,-16.49,99.2,115.7,66.5,-0.01,-1.58,104.3,105.9,-1.02,94,63
2-8-23,UNCW,Col. of Charleston,1.86,103.3,101.5,64.5,0.152,-4.48,103.1,107.5,3.22,10.05,110.9,100.8,70.3,0.045,-3.51,103.9,107.4,-1.11,61,93
2-8-23,Iowa St.,West Virginia,19.98,111.1,91.2,64.2,0.022,9.42,110.8,101.4,-1.17,20.41,116.8,96.4,68.3,-0.106,10.28,110.2,99.9,2.5,71,76
2-8-23,Temple,SMU,5.51,106.6,101.1,66.2,0.066,3.9,106.3,102.4,0.84,-1.48,101.9,103.4,69.1,-0.046,5.03,107.6,102.5,3.4,71,72
2-8-23,Texas Tech,Oklahoma St.,10.99,110.2,99.2,67.1,-0.073,6.01,108.8,102.8,-6.62,17.69,108.0,90.3,67.5,-0.059,9.71,109.6,99.9,1.2,68,71
2-8-23,UCF,Wichita St.,11.81,109.6,97.8,64.0,-0.071,4.36,107.8,103.4,-0.1,4.75,104.4,99.7,65.8,-0.05,1.77,105.6,103.9,-1.98,72,67
2-8-23,California Baptist,Utah Valley,0.55,104.0,103.5,63.8,-0.07,-3.51,102.7,106.2,-6.75,8.59,107.0,98.4,68.9,0.055,1.95,106.3,104.4,4.5,55,71
2-8-23,UNI,Evansville,-0.66,103.7,104.4,67.3,-0.037,-1.61,104.1,105.7,-1.56,-17.79,92.7,110.5,69.3,0.003,-0.76,104.0,104.8,-2.08,59,71
2-8-23,Bradley,Illinois St.,8.66,107.2,98.6,65.5,0.008,-1.18,103.6,104.8,0.67,-7.08,101.2,108.3,64.5,0.004,-3.83,102.8,106.6,-6.52,79,61
2-8-23,Georgetown,Providence,-3.12,105.5,108.6,67.9,-0.075,6.18,109.1,103.0,-4.4,17.79,116.6,98.8,66.8,-0.017,5.06,107.5,102.4,-7.56,62,74
2-8-23,UIC,Southern Ill.,-9.5,97.2,106.7,68.8,0.01,-3.71,102.3,106.0,-9.45,4.63,102.5,97.9,63.7,0.063,-2.11,104.1,106.2,-2.89,66,68
2-8-23,DePaul,Villanova,2.54,107.7,105.2,69.0,0.006,8.28,109.2,100.9,2.44,10.91,112.7,101.8,63.5,-0.118,8.71,110.0,101.3,3.9,65,81
2-8-23,Wisconsin,Penn St.,11.24,106.3,95.0,62.7,0.033,9.85,110.6,100.8,1.42,14.14,115.5,101.4,64.7,-0.02,7.37,108.3,101.0,-3.83,79,74
2-8-23,LSU,Mississippi St.,3.59,106.1,102.5,65.4,0.078,6.15,107.7,101.6,-6.09,14.77,104.9,90.1,63.8,-0.008,5.43,106.7,101.3,-3.6,53,64
2-8-23,Oklahoma,Baylor,13.7,112.3,98.6,64.7,-0.027,11.35,109.1,97.7,4.06,21.28,120.8,99.5,67.1,0.033,10.25,110.2,100.0,1.91,72,82
2-8-23,Florida,Alabama,15.86,106.9,91.0,69.0,-0.076,8.77,110.0,101.2,5.28,26.0,116.1,90.1,73.5,0.088,9.58,109.8,100.2,9.09,69,97
2-8-23,New Mexico St.,Grand Canyon,-1.12,105.5,106.6,69.2,-0.086,3.55,105.8,102.3,5.02,4.23,110.2,105.9,64.5,0.035,0.46,104.5,104.1,-0.45,67,78
2-8-23,Saint Joseph's,Loyola Chicago,-2.19,103.0,105.2,69.0,-0.015,-2.51,103.9,106.4,-4.89,-5.36,102.9,108.3,65.4,-0.022,-0.07,105.0,105.1,-3.75,83,71
2-8-23,Utah Tech,Seattle U,-1.46,105.7,107.2,70.0,-0.048,2.45,106.3,103.8,2.91,2.82,102.9,100.1,69.0,0.089,0.32,105.3,105.0,-0.1,71,75
2-8-23,San Diego St.,Utah St.,18.99,114.4,95.4,67.1,0.021,7.75,109.1,101.4,7.0,15.49,118.5,103.1,68.2,0.055,5.15,107.7,102.5,2.78,63,61
2-8-23,UNLV,Wyoming,9.13,108.9,99.8,69.5,-0.028,3.23,106.7,103.5,-2.14,0.18,108.9,108.7,65.7,-0.114,4.08,107.1,103.0,-0.58,69,59
2-9-23,Wagner,St. Francis Brooklyn,-10.56,97.7,108.2,63.0,0.056,-10.37,98.2,108.6,-2.39,-19.94,91.3,111.2,66.1,0.092,-13.87,97.2,111.1,-8.78,62,64
2-9-23,Sacred Heart,Saint Francis (PA),-12.88,98.4,111.2,69.7,0.036,-11.97,97.5,109.5,-7.36,-15.09,100.2,115.3,68.8,-0.066,-7.4,100.9,108.3,0.7,76,78
2-9-23,Rice,Fla. Atlantic,-0.33,108.9,109.3,69.7,0.113,-0.51,104.2,104.8,-6.3,16.56,114.2,97.6,67.7,0.069,0.5,105.3,104.8,-2.98,81,90
2-9-23,Gardner-Webb,Radford,-0.65,98.8,99.5,65.6,-0.086,-3.94,104.5,108.4,1.54,1.21,104.2,103.0,65.2,-0.037,-3.97,104.1,108.1,0.93,61,48
2-9-23,Stonehill,Merrimack,-13.79,96.3,110.1,67.0,0.105,-7.69,101.1,108.7,0.52,-15.31,88.4,103.7,65.4,-0.003,-6.72,102.0,108.8,2.71,43,56
2-9-23,Stetson,Jacksonville,0.38,112.2,111.8,63.7,0.03,0.48,106.5,106.1,6.83,-4.34,102.0,106.3,61.4,0.047,0.3,107.0,106.7,5.71,70,67
2-9-23,Marshall,Coastal Carolina,10.26,111.1,100.8,71.1,-0.07,-3.61,103.6,107.2,-4.4,-8.84,104.3,113.1,67.6,0.038,-1.3,104.8,106.1,-2.91,92,74
2-9-23,Eastern Ky.,Queens (NC),-1.18,104.9,106.1,69.9,0.12,-1.09,104.0,105.1,3.0,-2.93,108.6,111.6,69.3,0.032,-4.63,103.7,108.3,-3.35,84,80
2-9-23,Bellarmine,Liberty,-7.66,102.2,109.8,61.6,0.026,-0.11,105.8,105.9,5.23,14.42,111.4,97.0,63.5,-0.026,-2.63,104.1,106.8,1.78,50,70
2-9-23,FGCU,North Florida,-1.53,106.3,107.8,65.6,0.041,-2.67,104.0,106.6,1.21,-7.02,107.9,114.9,67.9,0.014,0.42,106.7,106.3,5.92,68,66
2-9-23,Fairleigh Dickinson,LIU,-12.51,106.9,119.4,69.3,0.068,-11.26,98.0,109.2,-6.11,-28.73,86.9,115.6,72.0,-0.012,-6.65,101.7,108.3,5.54,80,79
2-9-23,Louisiana Tech,FIU,2.09,107.1,105.0,66.5,-0.026,0.75,105.5,104.7,0.51,-2.99,102.3,105.3,69.9,0.043,0.78,106.1,105.3,-7.81,62,66
2-9-23,Old Dominion,Georgia St.,-0.85,104.4,105.2,64.6,0.034,-1.93,104.0,105.9,-1.19,-6.41,97.2,103.6,66.8,-0.056,-1.95,103.5,105.4,-5.43,63,60
2-9-23,James Madison,Ga. Southern,7.67,107.0,99.3,70.0,-0.066,-1.96,103.4,105.3,-4.09,-4.59,100.8,105.4,65.8,-0.008,-1.69,105.1,106.8,-3.79,73,76
2-9-23,Iowa,Purdue,16.78,121.0,104.2,69.7,-0.032,8.27,107.8,99.5,-2.01,26.34,121.0,94.7,63.7,0.012,7.3,108.7,101.4,0.77,73,87
2-9-23,App State,ULM,-0.98,100.5,101.5,65.1,-0.026,-0.84,105.0,105.8,-1.11,-7.32,99.9,107.2,66.2,0.022,0.3,105.1,104.8,1.27,52,45
2-9-23,Morehead St.,Little Rock,-7.82,100.6,108.5,64.2,0.167,-5.06,103.1,108.2,4.16,-13.98,102.8,116.8,70.4,-0.055,-6.46,102.0,108.4,-0.92,68,72
2-9-23,UT Arlington,UTRGV,-8.07,99.5,107.6,65.5,-0.029,1.87,104.9,103.0,4.17,-7.09,102.8,109.8,72.9,0.088,-0.55,105.8,106.4,-5.42,64,58
2-9-23,Omaha,North Dakota St.,-11.85,102.3,114.1,67.5,0.007,0.84,106.2,105.4,8.05,-5.18,105.5,110.7,67.7,-0.069,-0.54,106.6,107.1,6.41,58,84
2-9-23,New Orleans,Nicholls,-18.34,96.7,115.0,70.7,-0.08,-7.19,103.0,110.2,2.38,-6.39,101.9,108.3,69.8,0.052,0.13,106.7,106.5,13.9,59,84
2-9-23,Denver,North Dakota,-9.4,101.4,110.8,68.1,0.048,-5.88,103.9,109.8,-8.42,-11.36,101.4,112.8,66.3,-0.052,-2.41,104.9,107.3,0.02,63,86
2-9-23,Arkansas St.,Texas St.,-12.35,97.8,110.1,63.3,-0.002,-4.08,102.7,106.8,-10.12,-3.13,101.0,104.2,63.9,0.037,0.77,105.2,104.5,-0.75,62,66
2-9-23,Oral Roberts,St. Thomas (MN),14.01,116.4,102.4,71.0,0.067,-3.47,104.3,107.7,8.17,-3.24,109.0,112.2,65.3,0.048,-5.06,102.8,107.9,-2.4,95,88
2-9-23,Northwestern,Ohio St.,13.09,109.1,96.0,65.4,0.057,5.7,107.1,101.4,-3.51,16.46,117.1,100.7,67.0,-0.187,8.71,108.8,100.1,-2.73,69,63
2-9-23,Oakland,Green Bay,-7.41,104.6,112.0,68.3,0.05,-0.38,105.8,106.1,6.14,-26.31,92.1,118.4,65.0,0.044,-1.9,104.4,106.3,2.17,59,47
2-9-23,Portland St.,Northern Colo.,-6.04,102.7,108.7,71.8,0.023,0.38,106.3,106.0,4.87,-5.09,106.5,111.5,69.2,-0.007,0.76,106.4,105.6,5.01,79,88
2-9-23,Sacramento St.,Northern Ariz.,-3.78,105.9,109.7,61.8,0.024,-1.1,105.2,106.3,3.24,-7.71,104.4,112.1,66.5,-0.058,1.99,106.7,104.7,7.41,55,77
2-9-23,SIUE,Lindenwood,3.92,102.4,98.5,63.9,0.075,-2.79,103.7,106.5,-3.05,-16.06,95.8,111.9,66.6,-0.016,-5.85,102.4,108.3,2.42,63,58
2-9-23,UAB,North Texas,10.81,111.2,100.4,71.2,-0.065,-1.05,104.6,105.7,-4.61,11.5,107.7,96.2,58.6,0.096,1.44,106.0,104.5,1.51,79,82
2-9-23,Detroit Mercy,Milwaukee,-1.55,111.7,113.2,67.4,-0.109,-1.39,105.2,106.6,4.97,-4.23,101.7,105.9,71.6,0.096,-5.21,103.3,108.5,0.93,89,94
2-9-23,South Alabama,Troy,1.25,104.8,103.5,66.5,-0.106,0.49,104.7,104.3,5.72,1.62,104.2,102.6,67.3,-0.052,-0.16,104.3,104.4,-0.24,57,61
2-9-23,Houston Christian,A&M-Corpus Christi,-17.87,103.2,121.0,70.6,-0.048,-6.19,103.4,109.6,0.14,-1.64,107.1,108.8,69.4,-0.026,-7.82,101.3,109.1,1.26,68,91
2-9-23,Southeastern La.,McNeese,-8.11,104.7,112.8,68.7,0.099,-5.1,103.5,108.6,4.64,-15.57,99.5,115.0,66.3,-0.079,-2.61,104.3,106.9,7.71,66,69
2-9-23,UT Martin,Eastern Ill.,-8.65,101.2,109.8,70.9,0.071,-7.6,101.7,109.3,-2.28,-18.08,93.5,111.6,67.9,0.006,-7.39,102.2,109.6,-2.8,75,77
2-9-23,Kennesaw St.,Jacksonville St.,2.27,106.5,104.2,69.0,0.126,-1.23,105.5,106.7,4.57,-7.72,100.9,108.7,65.1,-0.045,-1.7,105.2,106.9,1.35,54,52
2-9-23,Lamar University,UIW,-21.5,94.6,116.1,66.2,0.038,-6.49,102.3,108.8,-1.44,-15.12,96.0,111.1,67.0,0.052,-7.89,101.8,109.6,-3.03,68,59
2-9-23,Louisiana,Southern Miss.,7.65,113.3,105.7,68.7,0.093,-1.47,103.7,105.2,-0.23,8.45,109.5,101.0,67.7,0.066,-2.19,103.9,106.1,-3.53,71,82
2-9-23,Austin Peay,North Ala.,-11.97,97.9,109.8,65.2,-0.071,-1.84,105.2,107.0,1.01,-8.21,105.4,113.6,68.3,0.132,-2.42,104.5,106.9,-0.67,57,70
2-9-23,UC Davis,UC Riverside,2.08,106.8,104.7,70.4,-0.026,-2.54,102.8,105.3,-0.85,0.36,106.3,105.9,67.0,0.104,-0.08,104.4,104.5,4.42,65,72
2-9-23,Southeast Mo. St.,Tennessee St.,-6.72,101.4,108.1,72.5,0.015,-5.76,102.6,108.4,1.47,-11.76,100.4,112.2,69.7,0.024,-10.39,100.1,110.5,-8.95,65,85
2-9-23,Northwestern St.,Tex. A&M-Commerce,-2.25,105.9,108.2,66.5,0.1,-5.57,103.9,109.4,3.7,-11.46,98.6,110.1,64.8,0.074,-6.43,102.8,109.3,1.4,88,82
2-9-23,Southern Ind.,Tennessee Tech,-7.35,103.7,111.1,69.5,-0.024,-6.84,102.0,108.9,-0.62,-11.31,100.3,111.6,66.2,0.002,-5.56,101.9,107.5,1.43,69,84
2-9-23,Lipscomb,Central Ark.,-0.26,103.4,103.7,68.9,-0.009,-3.53,104.7,108.3,-3.46,-14.1,99.8,113.9,72.1,0.076,-1.83,106.0,107.8,-1.11,93,81
2-9-23,Montana,Idaho St.,-1.53,106.8,108.4,63.0,-0.012,-1.53,105.6,107.1,2.73,-6.76,102.8,109.5,65.3,-0.082,-2.5,104.5,107.0,-1.16,69,61
2-9-23,UCLA,Oregon St.,26.76,115.9,89.1,65.8,-0.016,7.48,109.2,101.7,1.29,-2.36,100.9,103.3,63.4,0.003,6.21,107.2,101.0,-6.0,62,47
2-9-23,Charlotte,UTEP,4.68,107.8,103.1,60.1,-0.066,-1.44,104.3,105.7,-6.03,-0.62,97.8,98.5,66.5,-0.012,1.19,106.3,105.1,-2.4,62,53
2-9-23,Montana St.,Weber St.,5.39,105.8,100.4,66.3,0.034,-1.0,106.4,107.4,4.64,-4.36,99.0,103.3,65.3,0.05,0.18,106.4,106.2,4.23,63,73
2-9-23,Tarleton St.,Southern Utah,-1.65,102.7,104.3,67.2,0.06,2.1,106.1,104.0,6.16,4.97,109.6,104.6,71.8,0.033,2.49,106.0,103.5,4.3,62,72
2-9-23,Middle Tenn.,Western Ky.,4.48,105.9,101.5,67.4,0.029,1.24,106.6,105.4,1.97,-0.34,105.9,106.3,67.4,0.013,-0.45,105.0,105.4,-3.56,89,93
2-9-23,Pacific,Portland,-2.09,107.2,109.3,69.8,0.037,0.18,105.8,105.6,-4.98,0.76,109.4,108.7,69.0,-0.039,3.3,107.6,104.3,-0.61,73,81
2-9-23,San Francisco,Gonzaga,6.3,108.6,102.3,69.5,-0.034,1.85,106.2,104.4,-3.52,20.11,120.4,100.3,70.0,0.049,7.83,110.2,102.4,9.37,81,99
2-9-23,Saint Mary's (CA),LMU (CA),23.81,113.5,89.7,61.8,-0.026,4.29,108.5,104.3,3.83,6.76,109.4,102.6,67.3,0.051,2.74,108.2,105.4,0.78,74,78
2-9-23,Arizona St.,Stanford,11.4,108.0,96.6,68.4,0.048,5.48,107.3,101.8,-0.28,6.71,110.5,103.8,65.5,-0.116,5.22,106.7,101.4,-0.22,69,65
2-9-23,BYU,Pepperdine,10.6,106.3,95.7,70.1,-0.085,3.08,107.1,104.0,1.23,-1.66,104.0,105.7,72.3,-0.136,3.93,108.5,104.6,2.78,80,92
2-9-23,San Diego,Santa Clara,-3.39,111.5,114.8,68.7,-0.005,0.52,105.5,105.0,-2.66,8.15,110.9,102.7,69.8,0.094,4.25,107.9,103.7,0.4,75,80
2-9-23,Cal Poly,UC Irvine,-11.85,95.5,107.3,63.4,-0.068,-0.69,104.2,104.9,-0.99,7.48,108.9,101.4,69.2,-0.065,0.14,104.2,104.1,2.79,54,55
2-9-23,CSUN,CSU Bakersfield,-13.15,96.3,109.4,64.4,0.007,-0.56,104.4,105.0,-3.36,-10.49,96.8,107.3,62.4,0.016,-0.03,104.5,104.5,0.11,58,73
2-9-23,UC Santa Barbara,Long Beach St.,6.47,108.1,101.6,64.8,0.008,-5.0,101.7,106.7,-3.72,1.89,105.7,103.8,73.2,0.039,0.78,104.6,103.8,5.83,75,72
2-9-23,Arizona,California,22.36,118.8,96.4,72.2,0.078,6.87,107.4,100.6,3.7,-6.78,99.9,106.7,62.1,-0.117,6.41,107.4,101.0,0.99,85,62
2-9-23,Southern California,Oregon,15.17,113.1,98.0,68.0,0.049,6.74,106.7,99.9,1.29,14.28,113.8,99.5,66.8,-0.002,9.45,108.9,99.5,5.57,60,78
2-10-23,Kent St.,Buffalo,10.55,106.5,96.0,67.7,-0.001,-1.44,105.5,107.0,2.94,-0.82,105.9,106.7,72.9,-0.005,0.52,106.3,105.8,5.97,72,65
2-10-23,Robert Morris,Cleveland St.,-7.79,98.6,106.4,66.2,-0.04,-4.32,103.1,107.4,-1.97,-1.41,104.6,106.0,64.8,-0.005,-4.07,103.8,107.9,0.32,55,57
2-10-23,Marist,Saint Peter's,-11.72,95.8,107.5,65.3,-0.001,-6.75,100.4,107.2,-9.03,-10.98,96.8,107.7,63.1,0.025,-5.24,101.0,106.2,-7.65,56,67
2-10-23,Iona,Canisius,9.23,108.6,99.4,69.2,-0.02,-1.33,103.7,105.0,3.98,-9.39,100.3,109.7,67.7,-0.071,-0.66,104.9,105.6,4.19,80,59
2-10-23,Xavier,Butler,19.05,120.4,101.3,71.3,0.039,9.24,109.8,100.6,4.3,5.43,104.6,99.2,66.0,0.008,9.39,109.7,100.3,1.1,67,69
2-10-23,Youngstown St.,Purdue Fort Wayne,4.31,113.8,109.5,67.2,-0.019,-6.67,102.2,108.9,-5.83,-3.89,101.8,105.7,68.6,0.062,-4.24,103.8,108.0,-0.6,81,72
2-10-23,Siena,Mount St. Mary's,0.29,103.7,103.4,66.5,-0.012,-4.48,101.6,106.1,-2.26,-9.85,96.3,106.2,65.6,-0.036,-3.76,102.2,105.9,-2.12,72,65
2-10-23,Fairfield,Rider,-6.2,98.4,104.6,64.6,0.008,-2.96,102.6,105.6,-0.76,0.13,107.2,107.1,65.2,-0.002,-4.08,101.5,105.6,-1.05,57,58
2-10-23,Quinnipiac,Niagara,2.84,105.2,102.3,69.5,-0.027,-4.95,100.8,105.8,-2.58,-5.6,101.3,106.9,62.3,0.131,-4.3,102.5,106.8,-4.36,73,79
2-10-23,VMI,ETSU,-17.46,98.9,116.4,66.5,-0.01,-1.45,104.4,105.8,-1.32,-5.82,100.2,106.0,66.5,-0.152,-3.68,104.3,107.9,-4.62,65,69
2-10-23,Akron,Ohio,5.93,107.1,101.2,64.3,0.035,-2.38,104.5,106.9,0.17,1.03,110.0,109.0,67.9,-0.029,-1.4,106.0,107.4,0.6,81,90
2-10-23,Saint Louis,Dayton,7.06,110.8,103.7,68.9,0.051,1.78,104.7,102.9,4.24,10.88,108.3,97.5,63.7,-0.054,-0.17,104.4,104.5,-2.03,56,70
2-10-23,Northern Ky.,Wright St.,-2.54,100.4,102.9,62.3,0.045,-4.51,103.5,108.1,3.17,-1.57,103.7,105.3,71.9,-0.072,-6.54,102.5,109.0,-2.06,65,83
2-10-23,New Mexico,Air Force,14.64,114.5,99.9,71.0,-0.008,3.32,106.8,103.5,-1.82,-0.56,105.0,105.6,62.5,-0.026,-0.56,105.4,105.9,-10.86,77,89
2-10-23,Fresno St.,Nevada,0.37,101.8,101.4,63.7,-0.005,5.34,108.6,103.2,1.96,15.71,113.1,97.4,65.8,0.061,7.7,109.3,101.6,3.72,66,77
2-10-23,UC San Diego,Hawaii,-9.87,99.1,109.0,64.9,0.047,0.11,105.2,105.1,1.78,3.25,103.3,100.1,64.9,-0.005,-4.8,101.7,106.5,-6.08,62,69
2-11-23,Colgate,Bucknell,5.01,112.1,107.1,67.0,-0.021,-5.45,101.7,107.2,0.0,-10.55,99.3,109.8,67.0,-0.059,-7.47,99.8,107.2,-7.0,76,56
2-11-23,West Virginia,Texas,20.45,116.8,96.3,68.6,-0.09,10.39,110.0,99.6,2.31,22.02,117.7,95.7,69.3,0.053,9.55,109.4,99.8,-0.99,60,94
2-11-23,Kentucky,Georgia,15.56,116.0,100.4,65.5,-0.0,5.89,107.9,102.0,-0.05,4.19,106.7,102.5,67.6,0.057,2.08,105.8,103.7,-7.03,68,75
2-11-23,Providence,St. John's (NY),17.4,116.0,98.6,66.8,-0.013,4.13,107.0,102.9,-7.82,8.29,108.2,99.9,73.1,0.003,5.42,107.0,101.6,-6.57,68,73
2-11-23,Pittsburgh,Florida St.,12.8,112.5,99.7,66.7,0.043,3.35,107.5,104.2,-3.55,-0.98,106.6,107.6,69.0,-0.021,5.57,108.1,102.5,3.02,83,75
2-11-23,Penn St.,Maryland,13.4,115.4,102.0,64.6,-0.036,7.24,108.2,100.9,-3.94,18.66,113.3,94.6,65.2,-0.011,7.54,108.5,100.9,-3.35,68,74
2-11-23,NC State,Boston College,14.04,112.7,98.7,69.3,0.04,3.02,107.3,104.3,-4.73,0.21,102.6,102.4,66.3,0.087,3.94,108.1,104.2,-3.75,92,62
2-11-23,Marquette,Georgetown,21.97,120.6,98.6,68.9,-0.048,7.94,108.8,100.9,-1.18,-2.86,105.2,108.0,67.9,-0.076,6.97,109.5,102.5,-4.22,89,75
2-11-23,St. Bonaventure,Duquesne,-0.09,102.6,102.7,65.2,0.003,-1.28,104.2,105.4,-3.34,6.19,109.5,103.3,67.8,0.013,-1.64,104.7,106.3,-4.15,54,56
2-11-23,LIU,Wagner,-28.35,86.5,114.9,72.2,-0.028,-7.28,101.4,108.6,5.54,-10.93,97.2,108.1,62.8,0.032,-10.57,97.5,108.1,-2.36,46,58
2-11-23,Boston U.,Lafayette,-9.64,98.2,107.8,65.7,0.017,-5.77,101.4,107.2,-4.35,-7.39,95.4,102.8,62.5,-0.085,-2.19,104.4,106.6,4.26,65,69
2-11-23,Bryant,UMBC,-0.42,107.4,107.8,72.7,0.066,-4.19,102.9,107.1,2.19,-4.89,107.8,112.7,67.7,0.06,-7.49,100.6,108.1,-7.45,73,76
2-11-23,George Washington,Saint Joseph's,-3.3,109.1,112.4,69.0,-0.0,-2.22,103.1,105.3,-5.56,-1.43,103.6,105.1,69.1,-0.007,-2.52,103.9,106.4,-5.04,69,81
2-11-23,Kansas,Oklahoma,21.89,115.3,93.4,69.1,0.09,12.51,110.6,98.1,6.78,13.53,112.0,98.5,64.8,-0.036,11.94,109.7,97.7,3.93,78,55
2-11-23,South Carolina,Ole Miss,-5.93,102.2,108.2,64.0,0.045,4.98,108.0,103.0,-3.2,5.89,106.9,101.0,65.9,-0.059,7.17,108.3,101.1,1.34,64,61
2-11-23,Bellarmine,Queens (NC),-7.75,101.8,109.6,61.7,0.027,0.93,105.8,104.9,5.34,-3.28,108.2,111.4,69.5,0.015,-4.62,103.3,107.9,-3.29,88,84
2-11-23,Army West Point,Navy,-5.64,104.7,110.3,68.3,-0.068,-8.31,99.8,108.1,-7.66,-1.87,105.3,107.2,64.8,-0.02,-5.8,101.6,107.4,-1.64,53,70
2-11-23,Virginia Tech,Notre Dame,12.95,113.9,100.9,66.7,-0.094,5.33,107.6,102.3,-3.73,-0.77,109.6,110.4,64.2,-0.033,0.75,105.9,105.2,-3.06,93,87
2-11-23,Cornell,Brown,5.69,115.9,110.2,71.7,-0.052,-1.82,103.7,105.5,-3.7,-0.91,100.6,101.5,68.5,0.002,-2.96,102.9,105.9,-3.65,66,80
2-11-23,Massachusetts,La Salle,-1.12,103.4,104.5,70.8,0.064,0.01,104.4,104.4,-1.46,-4.89,101.6,106.5,67.7,0.084,-0.67,104.4,105.0,-2.1,72,86
2-11-23,Hofstra,Monmouth,7.14,110.4,103.3,66.9,0.06,0.06,104.8,104.8,7.41,-17.39,91.1,108.5,67.9,0.031,1.98,106.2,104.3,7.03,86,57
2-11-23,William & Mary,Elon,-12.91,101.0,113.9,65.4,0.055,-1.44,104.8,106.2,1.98,-13.15,98.0,111.2,66.8,-0.067,-1.94,103.1,105.0,-1.74,55,66
2-11-23,UNC Asheville,Presbyterian,-0.61,103.3,103.9,68.4,0.146,-4.75,102.5,107.2,-0.54,-15.64,95.8,111.4,63.7,-0.09,-3.83,103.4,107.2,-4.14,76,72
2-11-23,Western Caro.,Furman,-5.94,102.6,108.6,67.9,0.029,-3.81,103.7,107.5,-3.32,9.2,113.9,104.7,68.6,-0.021,-3.65,104.2,107.8,-2.37,59,93
2-11-23,Princeton,Dartmouth,5.55,109.3,103.7,67.2,0.011,-3.32,102.9,106.2,-4.57,-9.16,97.0,106.1,68.2,-0.011,-1.26,103.8,105.0,-3.12,76,83
2-11-23,Holy Cross,American,-15.49,94.5,110.0,68.0,-0.02,-6.06,100.5,106.6,-4.63,-5.12,102.7,107.8,63.1,0.061,-7.27,101.2,108.5,-8.16,74,66
2-11-23,Rhode Island,George Mason,-3.36,100.3,103.6,67.6,-0.02,0.17,104.1,104.0,-1.38,1.18,103.2,102.1,66.6,-0.019,-0.55,105.2,105.8,-1.15,67,75
2-11-23,James Madison,Coastal Carolina,7.3,106.6,99.3,70.3,-0.085,-1.66,103.0,104.7,-3.98,-9.19,104.0,113.2,67.9,0.037,-0.78,104.6,105.4,-2.88,73,66
2-11-23,UAlbany,Binghamton,-18.01,97.9,115.9,66.9,-0.03,-1.97,103.9,105.9,1.44,-12.11,99.1,111.2,65.9,0.056,-4.86,102.6,107.4,-4.68,66,80
2-11-23,Clemson,North Carolina,10.87,108.8,97.9,68.0,0.03,1.37,106.6,105.2,-5.77,15.99,113.5,97.5,69.2,-0.072,8.23,109.5,101.3,7.8,71,91
2-11-23,Louisiana Tech,Fla. Atlantic,1.76,105.7,104.0,66.7,-0.043,0.82,105.3,104.5,0.48,16.27,113.7,97.5,68.0,0.071,0.33,105.2,104.9,-2.9,85,90
2-11-23,Bowling Green,Ball St.,-7.96,104.3,112.3,69.3,-0.043,-4.04,104.6,108.7,-5.27,1.09,107.0,105.9,66.8,0.066,-3.8,104.2,108.0,-4.12,72,93
2-11-23,Penn,Harvard,1.91,110.0,108.1,66.2,-0.017,-0.84,104.6,105.4,-0.48,-0.38,100.1,100.4,65.8,-0.046,-0.93,104.1,105.0,-1.87,80,72
2-11-23,Campbell,Gardner-Webb,-7.25,102.5,109.8,64.0,-0.035,-4.28,102.4,106.6,-1.48,0.65,98.8,98.1,65.5,-0.083,-3.45,104.3,107.8,1.73,73,77
2-11-23,Alabama,Auburn,27.02,117.1,90.0,73.6,0.083,9.78,109.5,99.7,9.28,18.27,111.6,93.4,67.8,-0.029,7.21,107.6,100.4,3.67,77,69
2-11-23,N.C. A&T,Stony Brook,-9.48,100.6,110.1,69.7,0.075,-1.51,103.5,105.0,5.87,-15.42,96.9,112.3,63.2,0.026,-3.5,102.4,105.9,2.57,59,69
2-11-23,Towson,Drexel,2.7,108.1,105.4,63.4,-0.012,-5.45,101.8,107.3,-3.44,-2.06,101.5,103.5,63.7,-0.04,-5.79,101.3,107.1,-1.5,66,73
2-11-23,Marshall,Georgia St.,10.73,111.0,100.3,71.3,-0.069,-3.53,103.4,106.9,-4.3,-6.52,96.5,103.1,66.9,-0.07,-1.98,103.1,105.1,-5.35,88,77
2-11-23,UIC,Belmont,-8.95,97.5,106.5,69.0,-0.005,-3.39,102.1,105.5,-9.75,3.17,110.1,107.0,67.5,0.042,-1.23,103.8,105.1,0.46,71,98
2-11-23,Southern Ill.,Drake,3.86,102.1,98.2,63.9,0.075,-2.78,103.4,106.2,-3.08,9.31,108.2,98.9,66.2,0.035,-2.0,103.8,105.8,-1.91,59,82
2-11-23,St. Francis Brooklyn,Stonehill,-19.66,91.1,110.7,65.9,0.11,-13.96,96.7,110.7,-8.72,-14.51,95.0,109.5,66.9,0.1,-7.79,100.3,108.1,0.52,51,62
2-11-23,UConn,Creighton,25.11,119.2,94.1,67.1,-0.059,7.45,108.3,100.8,-0.25,22.11,115.3,93.2,67.9,-0.099,8.91,109.7,100.8,5.41,53,56
2-11-23,Rutgers,Illinois,20.08,107.5,87.4,66.0,-0.079,6.45,109.2,102.7,-6.5,18.55,112.2,93.7,69.2,-0.025,6.21,107.4,101.2,-4.44,60,69
2-11-23,Indiana St.,UNI,6.37,108.9,102.6,70.7,-0.084,-4.55,101.9,106.4,-6.25,-2.09,102.3,104.4,67.5,-0.037,-2.29,103.6,105.9,-1.83,80,62
2-11-23,Denver,North Dakota St.,-10.83,100.3,111.2,68.1,0.048,-6.01,103.7,109.7,-8.89,-4.28,105.2,109.5,67.9,-0.078,-1.23,106.0,107.3,6.64,70,78
2-11-23,Murray St.,Bradley,-3.63,106.3,110.0,66.5,0.086,0.0,104.6,104.6,-0.35,9.25,107.8,98.5,65.6,0.011,-1.44,103.3,104.7,0.72,48,83
2-11-23,Omaha,North Dakota,-12.78,100.9,113.7,67.7,0.01,0.84,106.2,105.4,8.04,-10.14,101.8,112.0,66.4,-0.061,-2.99,104.3,107.3,0.08,73,76
2-11-23,Stetson,North Florida,0.77,112.0,111.2,64.1,0.049,0.6,106.1,105.5,6.87,-7.18,107.5,114.7,67.7,-0.003,0.11,106.1,106.0,5.99,81,92
2-11-23,Fordham,Davidson,2.13,102.7,100.6,69.4,0.13,-5.81,101.2,107.0,-12.33,2.82,107.5,104.7,65.5,-0.059,1.54,105.0,103.5,-1.28,73,71
2-11-23,The Citadel,Samford,-13.15,99.2,112.4,67.6,0.007,-3.77,103.7,107.5,-3.67,2.62,109.2,106.6,66.9,0.005,-3.61,103.8,107.4,-1.91,70,76
2-11-23,Oral Roberts,Western Ill.,13.92,116.9,103.0,71.0,0.075,-3.21,104.4,107.6,8.23,-9.05,102.8,111.9,66.5,0.12,-6.13,103.2,109.3,-3.43,82,73
2-11-23,Arkansas St.,Ga. Southern,-11.96,98.0,110.0,63.3,-0.014,-3.67,102.4,106.1,-10.07,-4.11,100.9,105.0,66.0,0.011,-1.44,104.6,106.1,-3.77,53,68
2-11-23,Central Mich.,Miami (OH),-13.58,93.6,107.2,67.4,0.014,-2.37,105.2,107.6,-1.58,-10.24,104.4,114.6,67.7,-0.069,-2.33,104.9,107.3,-1.34,66,60
2-11-23,Vanderbilt,Florida,7.14,112.5,105.3,65.5,0.028,8.36,108.4,100.0,1.66,15.03,106.9,91.9,69.0,-0.067,9.62,110.1,100.5,5.14,88,80
2-11-23,Mercer,Chattanooga,-5.64,100.6,106.3,64.8,-0.037,-3.24,103.5,106.8,-2.32,-0.89,108.9,109.8,67.4,-0.072,-1.25,104.7,106.0,1.83,56,73
2-11-23,ULM,Southern Miss.,-7.75,98.4,106.2,66.0,0.011,0.07,104.4,104.3,1.27,9.3,109.8,100.5,67.8,0.067,-1.69,103.9,105.6,-3.03,67,76
2-11-23,Maine,NJIT,-7.25,101.8,109.1,65.8,-0.064,-2.94,102.6,105.5,-0.01,-14.3,96.0,110.3,66.2,-0.03,-4.56,103.7,108.3,-4.13,50,65
2-11-23,Norfolk St.,UMES,-0.94,109.1,110.1,65.1,0.124,-5.99,101.8,107.8,-0.64,-6.22,97.4,103.6,68.0,0.168,-1.29,103.9,105.2,5.11,76,73
2-11-23,Wisconsin,Nebraska,11.84,106.9,95.1,62.7,0.044,10.19,110.7,100.5,1.11,5.97,104.6,98.6,66.1,0.024,11.28,111.2,99.9,2.4,63,73
2-11-23,Duke,Virginia,16.31,111.9,95.6,65.5,0.041,6.91,109.4,102.5,2.67,20.81,115.3,94.5,61.6,0.029,6.63,108.9,102.3,2.29,62,69
2-11-23,UNLV,San Diego St.,9.61,108.5,98.9,69.5,-0.024,3.22,106.8,103.5,-2.26,19.13,113.8,94.6,67.0,0.034,8.21,109.4,101.1,6.7,71,82
2-11-23,FGCU,Jacksonville,-1.36,106.0,107.3,65.4,0.057,-2.55,103.9,106.4,1.42,-4.6,101.4,106.0,61.9,0.027,0.12,106.7,106.6,5.67,62,51
2-11-23,Loyola Chicago,Richmond,-6.6,102.7,109.3,65.4,-0.028,-0.65,104.5,105.2,-4.04,2.08,104.7,102.6,64.9,-0.066,-0.42,105.2,105.6,-2.57,71,74
2-11-23,Baylor,TCU,21.37,120.8,99.4,67.3,0.039,10.16,110.1,100.0,2.08,18.97,112.3,93.3,70.2,-0.016,7.45,108.2,100.8,-6.36,72,68
2-11-23,Merrimack,Saint Francis (PA),-14.68,87.6,102.3,65.4,0.001,-7.37,101.3,108.7,2.83,-15.21,99.7,114.9,68.6,-0.039,-8.06,100.2,108.2,0.66,75,68
2-11-23,Alabama St.,Ark.-Pine Bluff,-16.08,94.2,110.3,66.7,0.023,-3.33,102.4,105.7,6.88,-12.39,95.0,107.4,69.5,0.003,-1.71,101.7,103.4,13.62,74,71
2-11-23,Western Mich.,NIU,-11.8,104.4,116.3,65.7,-0.066,-0.72,105.2,105.9,1.23,-7.06,101.1,108.2,68.8,0.021,-0.56,105.5,106.1,2.14,53,81
2-11-23,Cal Poly,CSUN,-10.94,94.7,105.6,63.4,-0.082,-0.06,104.3,104.4,-0.96,-13.85,96.0,109.8,64.6,0.01,-0.68,103.9,104.5,-3.2,53,64
2-11-23,UTEP,UTSA,-1.28,97.2,98.5,66.3,-0.016,1.23,106.0,104.8,-2.25,-12.56,100.9,113.4,67.6,0.004,0.61,104.3,103.7,-6.31,77,66
2-11-23,Portland St.,Northern Ariz.,-6.2,102.5,108.7,71.9,0.016,0.47,106.2,105.7,5.05,-6.22,104.8,111.0,66.5,-0.099,1.61,106.3,104.7,7.69,88,87
2-11-23,Howard,Delaware St.,-5.65,101.7,107.4,69.3,0.078,-4.15,102.7,106.8,0.1,-19.03,92.2,111.2,66.9,0.038,-1.91,103.7,105.6,1.77,86,85
2-11-23,Middle Tenn.,UAB,4.27,106.6,102.4,67.5,0.009,1.51,106.5,105.0,2.04,10.81,111.5,100.7,70.9,-0.082,-0.33,104.5,104.8,-4.58,69,92
2-11-23,Col. of Charleston,Hampton,11.03,111.4,100.3,70.6,0.043,-3.69,103.5,107.2,-1.29,-16.93,97.9,114.8,68.6,-0.003,-3.67,103.5,107.2,-1.56,83,70
2-11-23,Jackson St.,Florida A&M,-13.27,98.4,111.7,68.7,0.057,-1.1,102.9,104.0,9.67,-21.38,89.3,110.6,64.0,0.005,-0.7,103.4,104.1,14.12,69,58
2-11-23,Coppin St.,South Carolina St.,-16.09,99.5,115.6,72.7,0.073,-0.24,104.6,104.8,4.31,-17.17,99.5,116.6,71.5,-0.038,0.38,106.1,105.7,3.77,84,94
2-11-23,Austin Peay,Central Ark.,-12.53,96.9,109.4,65.0,-0.073,-1.8,105.1,106.9,1.09,-14.28,99.9,114.2,72.3,0.07,-1.83,105.5,107.3,-0.98,69,76
2-11-23,Eastern Ill.,SIUE,-17.84,93.5,111.3,67.9,0.027,-7.77,101.6,109.4,-2.92,3.86,102.1,98.2,63.9,0.075,-2.78,103.4,106.2,-3.08,84,73
2-11-23,Little Rock,UT Martin,-13.64,102.2,115.8,70.6,-0.036,-6.67,101.6,108.2,-0.85,-8.98,100.9,109.9,70.9,0.049,-7.84,101.0,108.9,-2.14,61,84
2-11-23,Lamar University,A&M-Corpus Christi,-20.17,95.1,115.3,65.9,0.039,-6.58,101.8,108.4,-1.17,-1.4,107.0,108.4,69.4,-0.025,-8.78,100.6,109.4,1.12,52,61
2-11-23,Nicholls,Southeastern La.,-5.8,101.3,107.1,70.0,0.036,-1.15,105.7,106.9,13.74,-8.41,103.8,112.2,68.7,0.078,-5.39,103.1,108.4,4.77,88,77
2-11-23,Tex. A&M-Commerce,Northwestern St.,-11.66,99.1,110.7,65.1,0.062,-6.43,102.5,109.0,1.37,-1.78,106.8,108.6,66.7,0.109,-5.45,103.4,108.8,3.86,64,72
2-11-23,Tennessee Tech,Tennessee St.,-10.31,100.7,111.0,66.2,0.005,-5.83,101.5,107.3,1.66,-11.76,100.2,112.0,69.6,0.024,-10.32,99.8,110.1,-8.99,53,67
2-11-23,Old Dominion,Texas St.,-0.58,104.0,104.6,64.7,0.048,-1.75,103.5,105.2,-0.98,-3.41,100.9,104.3,63.9,0.051,0.19,104.5,104.3,-0.54,70,68
2-11-23,Georgia Tech,Wake Forest,-3.1,100.9,104.0,66.7,-0.021,5.08,108.4,103.3,-1.55,11.68,115.1,103.4,69.7,0.0,5.28,107.0,101.7,-1.17,70,71
2-11-23,Morehead St.,Southeast Mo. St.,-8.07,99.7,107.8,64.4,0.143,-5.16,102.9,108.1,4.4,-6.66,101.2,107.8,72.4,0.015,-5.64,102.4,108.0,1.56,65,59
2-11-23,McNeese,New Orleans,-15.02,98.7,113.7,66.3,-0.055,-3.01,104.0,107.0,7.85,-19.12,95.3,114.5,71.0,-0.075,-6.96,102.8,109.8,2.32,79,78
2-11-23,Houston Christian,UIW,-18.49,102.6,121.0,70.4,-0.043,-5.73,103.3,109.1,0.06,-16.26,95.3,111.6,66.6,0.042,-8.56,100.9,109.5,-2.87,84,78
2-11-23,USC Upstate,Winthrop,-8.96,98.6,107.5,67.6,0.046,-2.95,104.1,107.1,1.62,-6.23,106.9,113.1,66.8,-0.002,-1.54,104.4,105.9,3.47,79,70
2-11-23,Jacksonville St.,Kennesaw St.,-7.59,99.9,107.5,64.8,-0.059,-1.58,104.8,106.3,1.63,2.26,105.4,103.1,68.7,0.138,-1.22,105.1,106.3,4.7,71,74
2-11-23,Central Conn. St.,Fairleigh Dickinson,-14.92,97.7,112.7,64.1,-0.108,-9.34,98.6,107.9,-3.13,-12.94,106.4,119.3,69.5,0.086,-11.88,97.1,109.0,-6.11,77,73
2-11-23,Louisiana,Troy,7.3,113.1,105.8,68.6,0.087,-0.67,103.7,104.3,-0.24,1.81,103.3,101.4,67.5,-0.035,-0.16,103.8,104.0,0.01,65,80
2-11-23,Texas Southern,Grambling,-12.77,94.7,107.4,69.3,0.016,-3.22,102.0,105.3,10.77,-3.11,100.0,103.1,67.0,0.083,-5.94,100.3,106.3,3.39,46,65
2-11-23,Radford,Charleston So.,0.12,103.1,102.9,65.1,-0.026,-3.87,103.6,107.5,1.02,-9.77,107.8,117.5,65.2,-0.087,-2.88,103.1,106.0,1.38,90,71
2-11-23,Mississippi St.,Arkansas,14.8,104.6,89.8,63.8,-0.001,4.95,106.4,101.5,-3.62,19.4,112.0,92.6,69.3,-0.034,7.06,108.9,101.9,3.19,70,64
2-11-23,Indiana,Michigan,19.24,116.5,97.2,68.1,0.008,7.95,108.8,100.9,-3.82,13.81,113.3,99.5,67.9,-0.032,7.34,108.9,101.5,0.5,62,61
2-11-23,Missouri,Tennessee,13.46,119.1,105.7,70.0,0.085,4.44,106.6,102.1,-4.18,26.61,111.3,84.7,66.3,-0.027,6.4,107.4,101.0,2.99,86,85
2-11-23,App State,South Alabama,-0.4,99.7,100.1,64.9,-0.016,-0.77,104.6,105.3,-0.93,1.31,103.7,102.4,66.6,-0.118,0.88,104.6,103.7,5.78,57,74
2-11-23,Oklahoma St.,Iowa St.,17.25,107.8,90.5,67.5,-0.043,9.35,109.3,100.0,0.99,20.0,111.0,91.0,64.5,0.001,10.29,111.2,100.9,-1.0,64,56
2-11-23,Southern California,Oregon St.,14.07,112.3,98.2,67.8,0.063,7.35,106.8,99.5,1.22,-2.45,100.2,102.7,63.3,0.002,6.97,107.1,100.2,-6.16,58,61
2-11-23,Charlotte,North Texas,5.39,107.8,102.4,60.0,-0.055,-1.13,103.9,105.0,-5.92,11.34,107.8,96.5,58.2,0.107,1.67,105.8,104.1,1.5,43,67
2-11-23,Saint Mary's (CA),Portland,23.05,113.0,89.9,61.9,-0.043,4.71,108.6,103.9,3.83,1.16,109.1,107.9,69.0,-0.023,3.15,107.4,104.2,-0.3,81,64
2-11-23,Eastern Wash.,Idaho,3.5,110.2,106.7,68.8,0.107,-1.74,104.5,106.2,1.44,-9.05,105.2,114.2,66.1,-0.088,-4.3,103.3,107.6,-6.66,73,66
2-11-23,Prairie View,Southern U.,-8.28,93.6,101.8,67.6,-0.099,-4.91,101.3,106.2,5.55,-6.63,98.6,105.2,71.9,0.016,-3.99,102.1,106.1,8.26,65,79
2-11-23,Loyola Maryland,Lehigh,-15.55,95.5,111.1,65.3,-0.009,-5.15,102.4,107.5,-3.96,-7.75,98.3,106.1,69.7,0.132,-4.62,102.6,107.2,-0.42,91,82
2-11-23,Kansas St.,Texas Tech,19.36,113.7,94.3,69.5,0.053,8.4,107.9,99.5,-1.45,11.24,110.5,99.2,67.1,-0.09,6.88,108.8,102.0,-6.6,63,71
2-11-23,Detroit Mercy,Green Bay,-1.67,112.2,113.9,67.4,-0.119,-1.18,104.9,106.1,5.15,-26.55,90.3,116.8,64.9,0.041,-2.25,104.2,106.4,2.24,76,71
2-11-23,Oakland,Milwaukee,-7.28,103.3,110.5,68.2,0.05,-1.16,105.0,106.2,6.18,-3.92,102.6,106.5,71.6,0.107,-5.23,103.2,108.4,1.01,77,80
2-11-23,Sam Houston,Abilene Christian,9.99,108.0,98.0,64.0,0.035,2.77,105.6,102.9,7.66,-0.4,106.6,107.0,69.0,-0.008,-0.01,104.5,104.5,-1.1,77,62
2-11-23,South Dakota,South Dakota St.,-11.41,101.7,113.1,66.4,0.065,-3.15,104.0,107.2,1.71,-0.72,104.1,104.8,66.8,0.081,0.2,105.9,105.7,8.85,67,72
2-11-23,Longwood,High Point,0.98,103.6,102.7,66.0,-0.032,-7.81,101.9,109.7,-7.14,-12.23,99.9,112.1,72.1,0.073,-4.58,103.2,107.8,-4.47,70,67
2-11-23,Columbia,Yale,-16.25,93.5,109.8,69.2,-0.0,-2.18,103.6,105.8,-6.18,10.31,109.7,99.4,65.7,-0.035,-1.68,102.9,104.5,0.08,68,99
2-11-23,Rice,FIU,0.08,108.8,108.7,70.0,0.094,0.52,104.8,104.3,-6.0,-2.78,101.0,103.8,70.2,0.059,0.59,105.9,105.3,-7.91,85,78
2-11-23,South Fla.,Cincinnati,2.09,106.8,104.7,68.5,-0.121,0.1,104.6,104.5,-6.4,12.35,110.4,98.0,68.5,-0.034,2.92,107.2,104.3,-2.83,65,84
2-11-23,LMU (CA),Santa Clara,7.5,109.8,102.3,67.4,0.062,3.41,108.0,104.6,0.82,7.65,110.0,102.4,69.8,0.102,3.63,107.7,104.1,0.26,69,71
2-11-23,Illinois St.,Valparaiso,-7.83,100.9,108.7,64.6,0.009,-3.65,102.8,106.4,-6.58,-8.99,98.7,107.7,67.5,0.019,-1.89,104.2,106.0,-4.35,76,81
2-11-23,UMass Lowell,Vermont,1.11,105.4,104.3,68.8,0.006,-10.63,98.1,108.7,-11.45,3.43,107.4,104.0,64.4,0.022,-0.22,104.8,105.0,5.14,81,93
2-11-23,Tulsa,UCF,-7.99,101.6,109.6,68.5,-0.049,3.7,106.5,102.8,-2.71,12.06,109.8,97.7,64.2,-0.056,4.52,107.5,103.0,-0.27,52,96
2-11-23,Louisville,Miami (FL),-10.99,98.7,109.7,67.1,-0.046,4.9,107.7,102.8,1.67,17.26,118.8,101.5,68.3,0.009,5.31,107.0,101.7,-0.84,85,93
2-11-23,Eastern Ky.,Liberty,-0.82,104.7,105.5,70.1,0.132,-0.99,104.0,105.0,2.89,14.77,111.1,96.3,63.6,-0.026,-2.95,103.7,106.7,2.05,73,83
2-11-23,Northeastern,UNCW,-9.82,98.5,108.3,67.2,-0.017,-4.42,102.3,106.7,-1.05,0.97,102.9,101.9,64.9,0.157,-3.6,103.3,106.9,3.11,59,71
2-11-23,Alabama A&M,Mississippi Val.,-13.65,95.3,109.0,69.8,-0.03,-7.31,100.5,107.8,1.16,-20.65,92.3,113.0,66.8,-0.028,-0.5,103.8,104.3,9.05,70,68
2-11-23,SFA,UTRGV,4.05,106.5,102.5,69.2,-0.038,0.13,104.9,104.8,-0.55,-7.75,101.3,109.1,72.9,0.072,-1.09,105.2,106.3,-5.54,82,72
2-11-23,Toledo,Eastern Mich.,6.82,117.7,110.9,70.2,0.032,-2.98,103.8,106.8,-1.17,-11.11,104.7,115.8,70.0,-0.042,-1.08,105.7,106.8,-0.13,70,63
2-11-23,Arizona,Stanford,22.64,118.7,96.0,72.4,0.072,6.51,106.9,100.4,3.85,6.39,110.1,103.7,65.5,-0.129,5.38,106.2,100.9,-0.1,79,88
2-11-23,Sacramento St.,Northern Colo.,-5.24,104.9,110.1,61.8,0.032,-1.12,105.0,106.1,2.99,-4.77,106.4,111.2,69.3,0.007,0.31,105.8,105.5,5.13,54,70
2-11-23,Arizona St.,California,11.72,107.8,96.1,68.4,0.059,5.84,107.3,101.5,-0.07,-7.16,99.4,106.6,62.3,-0.11,6.95,107.5,100.6,1.01,70,62
2-11-23,Southern Utah,Utah Valley,5.16,109.3,104.1,71.4,0.036,2.04,105.4,103.3,4.27,9.31,107.2,97.9,68.8,0.05,1.72,106.0,104.2,4.78,83,90
2-11-23,Wyoming,Boise St.,-0.38,108.0,108.4,65.6,-0.116,4.11,106.8,102.7,-0.6,17.5,108.5,91.1,66.8,-0.01,5.2,108.1,102.9,0.82,63,75
2-11-23,Montana St.,Idaho St.,5.55,105.5,99.9,66.3,0.034,-0.78,106.3,107.1,4.83,-7.15,102.3,109.4,65.2,-0.086,-2.54,104.4,106.9,-1.18,58,52
2-11-23,Seton Hall,Villanova,13.25,106.9,93.6,66.3,0.006,9.38,109.7,100.3,3.57,11.43,113.1,101.7,63.4,-0.118,8.25,109.7,101.4,4.28,54,58
2-11-23,Lipscomb,North Ala.,0.05,103.8,103.7,69.0,-0.002,-3.76,104.2,108.0,-3.31,-7.67,105.2,112.8,68.1,0.131,-3.06,103.8,106.9,-0.58,70,80
2-11-23,Texas A&M,LSU,16.02,115.1,99.1,66.6,0.003,3.95,106.3,102.3,-1.95,3.43,105.7,102.3,65.4,0.068,6.84,107.8,100.9,-6.1,74,62
2-11-23,Montana,Weber St.,-0.82,107.0,107.8,62.9,-0.0,-1.3,105.4,106.7,3.08,-4.28,98.8,103.1,65.3,0.05,0.31,106.2,105.9,4.34,74,69
2-11-23,Lindenwood,Southern Ind.,-15.96,94.9,110.9,66.6,-0.027,-5.86,102.0,107.8,2.61,-8.31,103.1,111.4,69.5,-0.024,-6.82,101.7,108.5,-0.74,64,74
2-11-23,Tarleton St.,Utah Tech,-1.75,102.3,104.1,66.9,0.048,2.64,106.1,103.5,6.24,-1.15,106.1,107.2,69.8,-0.062,2.82,106.1,103.3,3.07,75,71
2-11-23,Long Beach St.,CSU Bakersfield,1.6,105.5,103.9,73.2,0.019,0.78,104.2,103.4,5.64,-9.8,97.2,107.0,62.6,0.011,-0.75,103.7,104.4,0.13,79,69
2-11-23,Pepperdine,San Francisco,-0.53,105.0,105.5,72.4,-0.119,4.12,108.1,103.9,2.92,6.1,108.7,102.6,69.5,-0.033,2.86,106.5,103.7,-3.26,80,88
2-11-23,Utah St.,San Jose St.,15.46,117.7,102.3,68.1,0.032,5.65,107.8,102.2,2.95,5.76,110.8,105.1,62.7,0.038,3.68,106.7,103.0,-1.64,64,69
2-11-23,Colorado,Utah,13.06,106.8,93.7,69.7,-0.097,5.16,106.9,101.8,3.02,13.72,109.2,95.4,66.3,-0.051,2.95,105.4,102.5,-4.9,62,73
2-11-23,San Diego,Pacific,-2.92,111.1,114.0,68.7,-0.018,1.3,105.7,104.4,-2.51,-1.95,106.7,108.7,69.8,0.028,0.76,106.0,105.2,-4.46,94,99
2-11-23,BYU,Gonzaga,9.62,106.0,96.4,70.1,-0.085,3.26,106.9,103.6,1.22,20.28,120.7,100.5,70.0,0.047,7.57,109.8,102.3,9.5,81,88
2-11-23,UC Davis,UC Santa Barbara,1.82,106.1,104.2,70.3,-0.038,-2.09,102.9,105.0,-0.83,6.88,108.1,101.3,64.7,0.02,-4.04,101.8,105.9,-3.21,74,84
2-11-23,Grand Canyon,Seattle U,4.48,110.0,105.5,64.7,0.04,0.11,104.3,104.2,-0.52,2.83,103.1,100.3,68.9,0.101,0.08,105.1,105.1,0.07,58,63
2-11-23,UCLA,Oregon,26.71,115.1,88.4,65.8,-0.015,7.19,108.6,101.5,1.17,15.19,114.0,98.8,66.6,0.001,9.51,108.6,99.1,5.68,70,63
2-11-23,Washington,Washington St.,5.83,106.0,100.2,69.1,0.054,7.59,107.5,99.9,-1.29,12.06,110.7,98.6,63.9,-0.145,10.6,109.8,99.2,4.68,51,56
2-11-23,UC Riverside,UC Irvine,0.88,105.9,105.1,66.9,0.11,-0.01,104.3,104.3,4.74,6.55,107.3,100.7,69.1,-0.045,-0.43,103.5,104.0,3.13,64,83
2-12-23,Temple,Memphis,5.44,106.2,100.7,66.5,0.045,3.92,106.3,102.4,1.03,15.9,113.5,97.6,71.9,-0.091,4.85,107.1,102.3,5.48,77,86
2-12-23,IUPUI,Northern Ky.,-24.07,93.4,117.4,66.6,-0.081,-6.41,101.9,108.3,-7.08,-2.54,100.4,102.9,62.3,0.045,-4.51,103.5,108.1,3.17,47,86
2-12-23,Iowa,Minnesota,16.53,120.5,104.0,70.0,-0.037,9.29,108.2,98.9,-2.01,-3.95,99.9,103.8,64.9,0.03,7.54,107.9,100.4,-6.55,68,56
2-12-23,Quinnipiac,Canisius,2.84,105.2,102.3,69.5,-0.027,-4.95,100.8,105.8,-2.58,-9.39,100.3,109.7,67.7,-0.071,-0.66,104.9,105.6,4.19,65,85
2-12-23,Youngstown St.,Cleveland St.,4.31,113.8,109.5,67.2,-0.019,-6.67,102.2,108.9,-5.83,-1.41,104.6,106.0,64.8,-0.005,-4.07,103.8,107.9,0.32,78,81
2-12-23,Michigan St.,Ohio St.,15.46,110.4,94.9,64.9,0.038,11.67,111.4,99.7,5.1,15.65,116.4,100.7,66.9,-0.196,8.78,108.5,99.7,-2.68,62,41
2-12-23,Robert Morris,Purdue Fort Wayne,-7.79,98.6,106.4,66.2,-0.04,-4.32,103.1,107.4,-1.97,-3.89,101.8,105.7,68.6,0.062,-4.24,103.8,108.0,-0.6,71,64
2-12-23,Iona,Niagara,9.23,108.6,99.4,69.2,-0.02,-1.33,103.7,105.0,3.98,-5.6,101.3,106.9,62.3,0.131,-4.3,102.5,106.8,-4.36,72,55
2-12-23,Saint Peter's,Manhattan,-10.98,96.8,107.7,63.1,0.025,-5.24,101.0,106.2,-7.65,-10.83,98.0,108.8,67.0,0.014,-5.08,101.9,107.0,-5.5,52,68
2-12-23,Missouri St.,Evansville,0.9,104.4,103.5,62.2,-0.012,0.17,104.0,103.9,2.4,-16.59,92.7,109.3,69.4,0.006,-1.15,103.7,104.9,-1.99,66,60
2-12-23,Purdue,Northwestern,26.59,120.7,94.1,63.9,0.011,7.56,108.9,101.3,0.81,13.85,109.1,95.3,65.3,0.066,6.43,107.3,100.9,-3.43,58,64
2-12-23,Marist,Siena,-11.72,95.8,107.5,65.3,-0.001,-6.75,100.4,107.2,-9.03,0.29,103.7,103.4,66.5,-0.012,-4.48,101.6,106.1,-2.26,65,73
2-12-23,Mount St. Mary's,Fairfield,-9.85,96.3,106.2,65.6,-0.036,-3.76,102.2,105.9,-2.12,-6.2,98.4,104.6,64.6,0.008,-2.96,102.6,105.6,-0.76,72,76
2-12-23,Wofford,UNC Greensboro,-4.82,107.4,112.2,65.5,0.0,-2.03,104.4,106.5,-0.9,5.67,101.6,95.9,65.9,-0.012,-1.54,105.6,107.1,3.78,89,97
2-12-23,SMU,Wichita St.,-1.34,101.6,103.0,69.3,-0.023,4.74,107.3,102.5,3.41,4.43,104.1,99.7,66.1,-0.062,1.94,105.7,103.7,-2.06,89,91
2-12-23,Cal St. Fullerton,Hawaii,1.93,102.2,100.3,64.5,-0.057,0.25,104.7,104.5,2.9,3.25,103.3,100.1,64.9,-0.005,-4.8,101.7,106.5,-6.08,52,51
