Rank,Team,Confrence,Win_Loss,Adjusted_Efficiency_Margin,Adjusted_Offensive_Efficency,Adjusted_Defensive_Efficency,Adjusted_tempo,Luck,Strength_of_Schedule_Rating,Adverage_Adjusted_Offensive_Efficency_of_Opponents,Adverage_Adjusted_Defensive_Efficency_of_Opponents,Non_Confrence_Strength_of_Schedule_Rating
1,Houston,Amer,27-2,+29.87,120.8,90.9,63.3,+.023,+2.79,107.1,104.4,+0.33
2,UCLA,P12,25-4,+27.19,116.0,88.8,66.2,+.012,+7.88,109.4,101.5,+1.41
3,Alabama,SEC,25-4,+26.76,117.4,90.7,73.5,+.087,+10.63,110.8,100.1,+10.10
4,Tennessee,SEC,21-8,+25.45,112.3,86.8,66.0,-.060,+7.80,109.5,101.7,+3.02
5,Connecticut,BE,22-7,+24.72,119.9,95.2,67.2,-.057,+7.73,108.7,101.0,-1.65
6,Purdue,B10,24-5,+24.55,119.3,94.7,64.5,+.002,+8.68,110.5,101.9,+0.58
7,Kansas,B12,24-5,+23.93,116.7,92.8,69.7,+.097,+13.26,111.7,98.4,+6.84
8,Saint Mary's,WCC,25-6,+23.03,114.2,91.1,62.0,-.030,+5.22,110.2,105.0,+4.27
9,Texas,B12,22-7,+22.31,117.9,95.6,69.8,+.029,+10.49,111.1,100.6,-0.89
10,Gonzaga,WCC,25-5,+22.25,123.5,101.2,70.5,+.052,+7.63,110.7,103.1,+10.11
11,Arizona,P12,24-5,+21.67,120.3,98.6,72.7,+.036,+6.87,107.3,100.4,+3.43
12,Baylor,B12,22-8,+21.54,122.6,101.0,66.6,+.050,+12.62,111.7,99.1,+2.09
13,Marquette,BE,23-6,+21.34,121.1,99.8,69.3,-.012,+7.88,109.3,101.4,-0.88
14,Creighton,BE,18-11,+20.79,114.9,94.1,67.7,-.099,+10.60,111.2,100.6,+6.37
15,Arkansas,SEC,19-10,+20.15,113.3,93.2,69.9,-.075,+8.43,110.0,101.5,+4.02
16,San Diego St.,MWC,23-5,+19.76,113.7,94.0,66.8,+.052,+8.45,110.4,102.0,+7.06
17,Maryland,B10,20-9,+19.57,115.7,96.1,65.1,-.011,+7.12,108.9,101.8,-4.03
18,Xavier,BE,21-8,+19.07,119.4,100.3,71.1,-.026,+9.06,110.3,101.2,+3.83
19,West Virginia,B12,17-13,+18.99,117.6,98.6,68.8,-.069,+12.29,111.5,99.2,+2.27
20,Kansas St.,B12,22-7,+18.85,112.8,94.0,69.9,+.053,+9.67,109.6,99.9,-2.34
21,Indiana,B10,20-9,+18.69,116.2,97.5,68.5,+.018,+10.02,110.4,100.4,-3.46
22,Kentucky,SEC,20-9,+18.38,118.8,100.4,65.7,+.008,+8.10,109.3,101.2,+0.94
23,TCU,B12,19-10,+18.33,113.2,94.8,70.4,-.040,+9.26,109.8,100.5,-6.72
24,Texas A&M,SEC,21-8,+17.43,115.8,98.4,66.3,+.017,+5.78,108.0,102.3,-2.44
25,Iowa St.,B12,17-12,+17.14,109.4,92.2,64.4,-.044,+11.58,112.1,100.5,-1.62
26,Boise St.,MWC,22-7,+17.13,110.3,93.2,67.2,+.012,+5.78,109.2,103.4,+1.06
27,Providence,BE,21-8,+17.10,117.3,100.2,67.4,-.007,+5.32,108.1,102.8,-8.77
28,Michigan St.,B10,17-11,+16.81,113.0,96.2,65.2,+.010,+12.32,112.7,100.4,+5.29
29,Auburn,SEC,19-10,+16.60,111.2,94.6,68.1,-.006,+8.21,109.6,101.4,+3.85
30,Rutgers,B10,18-11,+16.56,106.2,89.6,66.1,-.068,+7.16,110.1,102.9,-7.74
31,Florida Atlantic,CUSA,26-3,+16.54,114.5,98.0,68.7,+.052,-0.35,105.6,106.0,-2.64
32,USC,P12,21-8,+16.38,113.8,97.4,68.5,+.035,+7.14,107.3,100.1,+1.48
33,Duke,ACC,21-8,+16.36,112.6,96.2,65.5,+.036,+5.56,109.5,104.0,+2.05
34,Illinois,B10,19-10,+16.35,111.8,95.5,69.7,-.029,+7.15,108.7,101.6,-6.13
35,Utah St.,MWC,22-7,+16.25,117.5,101.3,68.7,+.021,+6.08,108.7,102.6,+3.26
36,Miami FL,ACC,23-6,+15.79,119.1,103.3,69.1,+.004,+4.24,107.9,103.6,-2.12
37,Virginia,ACC,21-6,+15.70,111.5,95.8,62.0,+.051,+5.43,109.1,103.6,+2.25
38,Memphis,Amer,22-7,+15.62,114.0,98.4,72.1,-.048,+5.76,108.4,102.6,+5.72
39,Mississippi St.,SEC,19-10,+15.59,105.8,90.2,63.9,-.009,+6.70,108.7,102.0,-3.50
40,Nevada,MWC,22-8,+15.47,113.1,97.7,66.4,+.046,+7.57,109.9,102.3,+3.74
41,Michigan,B10,17-12,+15.26,114.0,98.7,68.2,-.044,+8.44,109.7,101.2,+0.29
42,Liberty,ASun,24-7,+15.05,112.7,97.7,64.8,-.024,-2.51,104.5,107.0,+2.01
43,North Carolina,ACC,19-11,+14.90,112.7,97.8,69.5,-.061,+7.51,110.2,102.7,+6.86
44,Iowa,B10,18-11,+14.87,120.5,105.7,70.2,-.015,+9.00,108.7,99.7,-2.91
45,Oklahoma St.,B12,16-14,+14.84,109.2,94.4,68.0,-.046,+11.52,110.9,99.4,+0.59
46,Oregon,P12,16-13,+14.56,114.9,100.3,66.4,-.032,+10.14,109.5,99.3,+5.87
47,Northwestern,B10,20-9,+14.54,110.0,95.5,65.1,+.064,+8.04,109.2,101.2,-3.70
48,New Mexico,MWC,20-9,+14.52,115.8,101.3,71.3,-.030,+5.25,108.3,103.1,-0.62
49,Penn St.,B10,17-12,+13.87,118.0,104.1,64.7,-.034,+8.02,109.1,101.1,-4.42
50,N.C. State,ACC,22-8,+13.68,114.3,100.6,69.4,+.035,+3.62,108.4,104.8,-5.01
51,Texas Tech,B12,16-13,+13.64,112.4,98.8,67.8,-.053,+8.64,110.4,101.8,-6.59
52,Oklahoma,B12,14-15,+13.62,111.7,98.1,65.6,-.040,+12.72,110.9,98.2,+3.74
53,Missouri,SEC,21-8,+13.40,119.6,106.2,69.5,+.103,+6.73,108.3,101.6,-4.59
54,Pittsburgh,ACC,21-8,+12.94,115.0,102.1,67.0,+.041,+2.53,107.9,105.4,-3.22
55,North Texas,CUSA,23-6,+12.93,110.9,98.0,58.5,+.086,+1.99,106.5,104.5,+1.39
56,Colorado,P12,15-15,+12.73,107.4,94.7,69.4,-.096,+8.09,108.9,100.8,+3.87
57,UAB,CUSA,22-8,+12.67,113.4,100.7,70.6,-.064,-0.67,105.2,105.9,-4.36
58,Utah,P12,17-13,+12.65,109.1,96.5,66.3,-.062,+6.02,107.5,101.5,-3.97
59,Washington St.,P12,15-15,+12.65,111.2,98.5,64.2,-.074,+9.25,109.9,100.7,+4.77
60,Oral Roberts,Sum,27-4,+12.62,115.7,103.1,70.8,+.105,-3.77,104.7,108.5,+7.89
61,Arizona St.,P12,20-9,+12.51,108.9,96.4,68.6,+.071,+6.82,108.3,101.5,+0.81
62,Villanova,BE,15-14,+12.43,113.8,101.4,63.6,-.072,+8.74,110.3,101.6,+3.72
63,UCF,Amer,16-12,+12.37,110.1,97.8,64.6,-.102,+3.77,108.1,104.4,-0.03
64,Florida,SEC,14-15,+12.35,108.6,96.2,69.5,-.083,+9.78,111.1,101.3,+5.07
65,Ohio St.,B10,12-17,+12.15,115.2,103.1,66.5,-.162,+9.86,110.1,100.3,-2.54
66,Cincinnati,Amer,19-11,+12.03,112.2,100.2,68.5,-.037,+3.41,108.0,104.6,-3.05
67,Charleston,CAA,28-3,+11.96,113.0,101.0,71.2,+.046,-5.68,103.0,108.7,-1.66
68,Clemson,ACC,21-8,+11.93,111.7,99.8,68.3,+.024,+1.54,107.7,106.2,-5.79
69,Wisconsin,B10,16-12,+11.92,106.9,94.9,63.1,+.015,+10.53,111.7,101.2,+1.21
70,Yale,Ivy,19-7,+11.73,110.8,99.1,66.3,-.046,-1.78,104.2,106.0,-0.03
71,Sam Houston St.,WAC,22-6,+11.52,107.4,95.9,64.5,+.065,+2.12,106.2,104.1,+7.03
72,Dayton,A10,19-10,+11.42,109.5,98.1,63.6,-.057,-0.28,105.1,105.4,-1.47
73,Iona,MAAC,22-7,+11.40,110.3,98.9,69.4,-.015,-2.92,103.4,106.4,+4.24
74,VCU,A10,22-7,+11.13,106.2,95.0,68.2,+.013,-0.32,105.0,105.3,-1.96
75,Seton Hall,BE,16-13,+11.09,105.3,94.2,67.1,-.010,+9.38,110.3,100.9,+2.51
76,Kent St.,MAC,23-6,+11.02,107.0,96.0,68.2,+.005,-1.79,106.3,108.1,+3.41
77,BYU,WCC,17-14,+10.86,108.3,97.5,70.2,-.112,+4.80,108.7,103.9,+1.35
78,Bradley,MVC,23-8,+10.74,108.2,97.4,65.7,+.037,-1.94,103.9,105.8,+0.15
79,Marshall,SB,24-7,+10.66,111.8,101.2,72.7,-.051,-2.50,104.4,106.9,-3.47
80,Drake,MVC,24-7,+10.54,109.1,98.6,67.1,+.028,-2.00,104.6,106.6,-1.87
81,Virginia Tech,ACC,16-13,+10.48,114.4,104.0,67.3,-.082,+5.32,108.7,103.4,-3.76
82,Santa Clara,WCC,23-8,+10.25,111.9,101.7,70.3,+.104,+3.95,109.0,105.0,+0.88
83,Wake Forest,ACC,18-11,+9.59,114.6,105.1,69.9,+.015,+4.76,107.9,103.2,-2.03
84,Vanderbilt,SEC,16-13,+9.34,115.5,106.2,66.4,+.051,+8.48,109.1,100.6,+2.06
85,Utah Valley,WAC,22-7,+9.04,106.4,97.4,69.7,+.080,+2.47,107.0,104.5,+4.81
86,UNLV,MWC,17-11,+8.95,108.7,99.7,70.0,-.025,+4.51,107.7,103.2,-2.46
87,Tulane,Amer,17-9,+8.75,111.7,103.0,73.2,+.022,+1.25,106.1,104.8,-7.59
88,Toledo,MAC,23-6,+8.63,119.2,110.5,69.9,+.034,-3.80,104.4,108.2,-1.43
89,Furman,SC,24-7,+8.51,114.6,106.1,68.9,-.014,-4.25,104.7,109.0,-1.61
90,St. John's,BE,17-13,+8.28,108.4,100.1,73.5,+.014,+5.93,108.0,102.1,-7.55
91,Hofstra,CAA,23-8,+8.14,110.5,102.3,67.4,+.052,-2.92,103.7,106.6,+7.20
92,Southern Miss,SB,25-6,+8.03,108.8,100.8,68.7,+.094,-1.39,105.0,106.4,-3.20
93,Nebraska,B10,15-14,+7.75,106.4,98.6,67.1,+.063,+10.26,110.7,100.5,+1.76
94,Stanford,P12,12-17,+7.67,112.9,105.3,65.9,-.123,+7.01,107.5,100.5,-0.51
95,James Madison,SB,21-10,+7.46,107.2,99.7,70.8,-.061,-1.78,104.2,105.9,-4.39
96,Louisiana,SB,23-7,+7.06,113.7,106.6,68.7,+.072,-0.55,104.6,105.1,+0.20
97,Indiana St.,MVC,20-11,+6.90,109.9,103.0,70.8,-.104,-4.64,102.7,107.3,-6.33
98,San Jose St.,MWC,17-12,+6.82,111.8,105.0,63.0,+.069,+6.13,108.6,102.5,-1.16
99,UC Irvine,BW,20-10,+6.74,108.5,101.7,69.8,-.038,-0.38,104.3,104.7,+3.48
100,Washington,P12,16-14,+6.61,104.9,98.3,69.7,+.057,+7.58,108.4,100.8,-0.67
101,Loyola Marymount,WCC,19-11,+6.49,110.5,104.0,67.5,+.088,+3.90,109.4,105.5,+0.50
102,Southern Utah,WAC,19-10,+6.45,110.0,103.6,72.4,+.019,+3.12,106.5,103.3,+4.89
103,Saint Louis,A10,19-10,+6.40,111.6,105.2,69.4,+.040,+1.33,105.5,104.2,+3.97
104,Akron,MAC,20-9,+6.26,109.0,102.7,64.7,+.022,-2.36,105.5,107.9,+0.23
105,South Alabama,SB,16-15,+6.25,107.7,101.4,66.2,-.130,+0.01,105.0,105.0,+3.55
106,Duquesne,A10,19-10,+6.16,109.9,103.8,68.2,-.002,-1.73,105.5,107.2,-3.82
107,Colorado St.,MWC,13-16,+6.10,113.4,107.3,66.3,-.074,+6.61,108.6,102.0,+2.12
108,San Francisco,WCC,18-13,+5.59,110.3,104.7,69.2,+.014,+3.01,107.7,104.7,-3.03
109,Montana St.,BSky,22-9,+5.56,106.0,100.5,66.8,+.065,-0.89,106.7,107.6,+4.47
110,UNC Greensboro,SC,20-11,+5.55,103.9,98.3,66.4,-.027,-2.10,106.0,108.1,+3.26
111,Wichita St.,Amer,15-13,+5.53,106.6,101.0,66.5,-.043,+2.41,106.7,104.3,-2.30
112,Syracuse,ACC,16-13,+5.46,111.9,106.5,67.3,+.007,+2.98,107.9,104.9,-5.73
113,Charlotte,CUSA,18-11,+5.26,108.2,102.9,60.3,+.008,-1.02,105.0,106.1,-7.04
114,UC Santa Barbara,BW,22-7,+4.99,109.6,104.7,64.5,+.047,-2.79,103.5,106.3,-2.58
115,Mississippi,SEC,11-18,+4.98,107.4,102.4,66.4,-.081,+7.07,108.8,101.7,+1.21
116,Temple,Amer,15-14,+4.92,108.0,103.1,66.4,+.007,+3.92,107.0,103.1,+0.84
117,Colgate,Pat,23-8,+4.91,113.0,108.1,67.7,+.006,-6.69,101.8,108.5,-0.85
118,Middle Tennessee,CUSA,18-11,+4.69,107.0,102.3,67.3,+.038,+1.61,107.3,105.7,+1.84
119,Stephen F. Austin,WAC,19-10,+4.69,107.5,102.9,69.1,-.025,-0.77,105.3,106.0,-1.18
120,Butler,BE,14-15,+4.64,103.4,98.7,66.0,+.020,+8.74,110.3,101.6,+1.19
121,Youngstown St.,Horz,23-8,+4.62,114.8,110.2,68.2,-.019,-6.82,102.6,109.4,-5.09
122,Cal St. Fullerton,BW,18-12,+4.53,105.3,100.7,64.8,-.008,+0.29,105.1,104.8,+3.62
123,Eastern Washington,BSky,22-9,+4.40,112.0,107.6,68.8,+.084,-1.58,105.1,106.7,+2.11
124,Princeton,Ivy,18-8,+4.38,109.7,105.3,67.8,+.005,-3.08,103.1,106.2,-4.92
125,Vermont,AE,19-10,+4.18,109.9,105.8,64.7,+.056,-1.88,104.6,106.5,+5.85
126,Hawaii,BW,21-9,+4.01,102.3,98.3,65.0,-.022,-3.68,103.2,106.9,-5.74
127,Belmont,MVC,21-10,+4.01,111.2,107.2,68.6,+.041,-1.90,104.2,106.1,+0.49
128,Troy,SB,19-12,+3.62,105.4,101.7,68.1,-.016,-0.26,105.2,105.4,+0.11
129,Kennesaw St.,ASun,23-8,+3.32,107.1,103.8,68.9,+.127,-1.74,105.6,107.4,+4.70
130,Samford,SC,21-10,+3.30,109.8,106.5,68.3,+.020,-3.95,104.6,108.5,-1.60
131,Grand Canyon,WAC,18-11,+3.28,110.0,106.7,65.1,+.001,-0.04,104.9,104.9,-0.20
132,Southern Illinois,MVC,22-9,+3.21,102.5,99.3,64.2,+.081,-2.64,104.1,106.8,-3.22
133,Penn,Ivy,17-11,+3.21,111.7,108.5,67.2,+.021,-1.61,104.5,106.1,-0.88
134,Seattle,WAC,19-10,+3.18,102.5,99.3,69.4,+.100,+1.30,106.4,105.1,+0.85
135,UC Riverside,BW,20-10,+2.87,108.1,105.2,67.2,+.113,+0.37,105.3,104.9,+4.47
136,Davidson,A10,14-14,+2.64,109.0,106.3,65.4,-.037,+1.37,105.8,104.5,-1.19
137,Towson,CAA,20-11,+2.60,108.3,105.7,64.8,-.035,-5.03,102.7,107.7,-3.49
138,South Florida,Amer,13-16,+2.55,107.8,105.2,69.1,-.081,+0.65,105.9,105.2,-7.25
139,Cornell,Ivy,16-10,+2.42,113.3,110.9,71.6,-.016,-1.80,104.3,106.1,-4.47
140,UMass Lowell,AE,24-7,+2.30,108.0,105.7,69.2,+.013,-10.40,99.3,109.7,-12.49
141,George Mason,A10,17-12,+2.26,105.3,103.0,66.5,+.015,-1.21,105.1,106.4,-1.41
142,Georgia,SEC,16-13,+2.24,106.1,103.9,68.0,+.108,+4.23,107.9,103.7,-7.30
143,UC Davis,BW,17-12,+2.21,106.4,104.2,70.6,-.036,-2.16,103.5,105.7,-1.11
144,Ohio,MAC,17-12,+2.06,111.2,109.2,68.4,-.011,-2.46,105.7,108.1,+0.56
145,DePaul,BE,9-20,+1.92,107.8,105.8,69.1,-.027,+8.83,110.1,101.3,+2.35
146,Air Force,MWC,14-16,+1.84,107.2,105.3,63.3,-.036,+1.77,107.3,105.5,-10.17
147,Fordham,A10,23-6,+1.82,104.1,102.3,69.8,+.152,-5.39,101.9,107.3,-13.21
148,UNC Asheville,BSth,24-7,+1.79,105.2,103.4,68.7,+.142,-4.85,103.1,108.0,-0.48
149,Fresno St.,MWC,10-18,+1.76,101.9,100.1,64.1,-.029,+6.64,109.9,103.3,+2.19
150,LSU,SEC,13-16,+1.62,106.6,105.0,66.2,+.039,+6.30,108.7,102.4,-6.00
151,Old Dominion,SB,19-11,+1.49,105.4,103.9,65.2,+.071,-0.41,105.0,105.4,-1.42
152,Ball St.,MAC,20-9,+1.37,108.7,107.3,67.5,+.041,-4.39,104.4,108.8,-3.88
153,Long Beach St.,BW,16-14,+1.37,106.5,105.1,73.1,+.001,+0.72,104.9,104.1,+5.96
154,Montana,BSky,16-13,+1.26,109.1,107.8,63.7,+.015,-0.42,106.1,106.6,+3.94
155,Wyoming,MWC,9-20,+1.17,108.5,107.3,66.1,-.103,+6.05,108.8,102.7,-0.58
156,South Dakota St.,Sum,18-12,+1.09,106.5,105.5,66.6,+.070,-0.96,105.9,106.9,+9.15
157,Stetson,ASun,17-12,+0.98,114.5,113.6,64.8,+.042,-0.56,106.3,106.9,+6.30
158,Missouri St.,MVC,16-14,+0.92,105.3,104.3,62.5,-.005,-0.49,104.5,105.0,+1.82
159,Richmond,A10,14-15,+0.79,105.3,104.5,65.4,-.043,-0.56,105.8,106.4,-2.95
160,Longwood,BSth,20-11,+0.77,105.3,104.6,65.9,-.028,-7.24,102.4,109.7,-7.64
161,Cal Baptist,WAC,15-14,+0.71,104.9,104.2,63.9,-.054,-1.37,103.8,105.2,-6.56
162,Tarleton St.,WAC,15-15,+0.70,104.3,103.6,67.1,+.017,+3.46,107.1,103.6,+7.04
163,Harvard,Ivy,14-13,+0.64,100.8,100.2,66.0,-.070,-1.74,104.8,106.5,-2.91
164,Portland,WCC,13-18,+0.59,110.9,110.3,69.5,-.055,+4.40,108.9,104.5,+0.63
165,Louisiana Tech,CUSA,13-16,+0.42,106.7,106.3,66.8,-.066,+2.39,106.8,104.4,+0.96
166,Lipscomb,ASun,19-12,+0.40,104.8,104.4,69.7,+.004,-3.26,105.6,108.9,-2.42
167,Quinnipiac,MAAC,19-10,-0.04,103.5,103.5,70.2,-.002,-5.46,101.6,107.1,-3.32
168,Boston College,ACC,14-15,-0.20,102.3,102.5,67.1,+.093,+4.12,108.9,104.8,-4.10
169,UNC Wilmington,CAA,22-9,-0.21,101.8,102.0,66.0,+.137,-4.64,103.3,107.9,+3.34
170,Notre Dame,ACC,10-19,-0.23,109.3,109.5,64.6,-.077,+2.48,107.7,105.2,-3.49
171,Western Kentucky,CUSA,15-14,-0.23,106.6,106.9,67.7,+.004,+0.25,106.1,105.8,-3.33
172,Pepperdine,WCC,9-21,-0.24,106.4,106.7,72.5,-.140,+5.36,109.9,104.6,+2.99
173,Appalachian St.,SB,16-15,-0.34,102.1,102.4,65.2,-.027,-0.66,105.2,105.9,-0.67
174,SMU,Amer,10-19,-0.40,103.3,103.7,69.8,-.045,+5.11,108.1,103.0,+3.88
175,Northern Kentucky,Horz,19-12,-0.42,102.8,103.2,62.3,+.029,-3.98,104.6,108.6,+3.51
176,Norfolk St.,MEAC,20-9,-0.46,109.1,109.6,66.0,+.079,-7.80,100.9,108.7,-0.91
177,Navy,Pat,18-12,-0.49,104.9,105.4,65.0,-.022,-6.79,102.2,109.0,-1.86
178,Utah Tech,WAC,12-17,-0.60,108.0,108.6,69.3,-.075,+2.87,106.6,103.7,+3.80
179,Wright St.,Horz,17-14,-0.63,105.1,105.7,71.8,-.084,-5.26,104.1,109.3,-1.46
180,Texas A&M Corpus Chris,Slnd,20-10,-0.76,106.6,107.3,69.8,-.005,-9.04,101.9,110.9,+1.42
181,Abilene Christian,WAC,13-15,-0.86,107.7,108.6,69.2,-.048,+1.57,105.8,104.3,+0.05
182,Brown,Ivy,14-12,-0.92,100.9,101.8,69.4,+.013,-2.71,104.4,107.1,-4.26
183,Radford,BSth,18-13,-0.94,103.7,104.7,65.2,-.028,-4.25,104.0,108.3,+0.74
184,St. Bonaventure,A10,14-16,-0.96,102.4,103.4,66.0,-.026,-1.06,105.2,106.3,-3.34
185,New Mexico St.,WAC,9-15,-1.02,106.4,107.4,69.6,-.088,+4.08,106.5,102.4,+4.76
186,Cleveland St.,Horz,19-12,-1.04,104.6,105.6,65.9,+.033,-4.90,104.1,109.0,+0.33
187,Rice,CUSA,17-12,-1.12,108.2,109.3,70.4,+.093,+0.66,106.1,105.4,-5.93
188,Eastern Kentucky,ASun,19-12,-1.19,103.5,104.7,70.6,+.101,-1.32,105.2,106.6,+2.89
189,Siena,MAAC,17-12,-1.19,103.1,104.3,67.3,+.010,-4.70,102.1,106.8,-3.36
190,Florida Gulf Coast,ASun,17-15,-1.21,105.4,106.6,66.6,+.006,-2.83,104.9,107.8,+1.29
191,Grambling St.,SWAC,20-8,-1.23,100.5,101.7,66.8,+.108,-7.40,100.0,107.4,+3.41
192,North Carolina Central,MEAC,16-11,-1.34,102.2,103.6,67.9,-.052,-4.82,102.2,107.0,+5.20
193,Pacific,WCC,14-17,-1.42,109.1,110.5,70.0,+.043,+1.74,107.7,105.9,-3.94
194,UTEP,CUSA,13-16,-1.60,99.1,100.6,67.1,+.007,+1.85,107.0,105.2,-2.30
195,Oregon St.,P12,10-19,-1.72,101.0,102.7,63.8,+.004,+7.73,108.3,100.6,-6.39
196,Georgia Tech,ACC,12-17,-1.75,102.6,104.4,67.0,-.024,+4.56,109.4,104.8,-2.57
197,Massachusetts,A10,14-14,-1.93,102.7,104.6,70.7,+.030,-0.55,104.9,105.4,-1.36
198,Weber St.,BSky,17-14,-1.96,101.3,103.3,65.6,+.071,+0.01,106.8,106.8,+5.03
199,Georgia Southern,SB,16-15,-1.98,102.4,104.4,66.8,-.005,-1.27,105.6,106.9,-3.31
200,Chattanooga,SC,15-16,-1.99,108.7,110.7,68.1,-.082,-2.42,105.1,107.5,+1.04
201,Drexel,CAA,16-14,-2.03,101.5,103.5,63.9,-.066,-6.08,102.0,108.1,-1.51
202,St. Thomas,Sum,18-13,-2.07,109.3,111.4,66.4,+.003,-4.67,103.4,108.1,-1.75
203,Gardner Webb,BSth,15-15,-2.16,99.2,101.3,66.3,-.077,-3.73,104.6,108.3,+1.88
204,Buffalo,MAC,13-16,-2.22,104.6,106.8,72.7,-.021,+1.47,107.4,106.0,+6.02
205,Detroit Mercy,Horz,13-18,-2.26,113.0,115.3,67.4,-.103,-3.25,104.3,107.6,+4.51
206,Bryant,AE,17-11,-2.28,106.4,108.7,72.5,+.033,-4.59,104.0,108.6,+1.49
207,Florida St.,ACC,9-21,-2.30,106.3,108.6,69.5,-.014,+5.93,109.3,103.3,+2.99
208,Rider,MAAC,15-12,-2.37,106.1,108.4,65.4,-.019,-5.59,101.6,107.2,-2.01
209,North Dakota St.,Sum,14-16,-2.56,105.2,107.7,68.3,-.029,-1.58,106.7,108.3,+7.35
210,Northwestern St.,Slnd,20-10,-2.63,106.9,109.5,67.0,+.095,-6.86,103.4,110.2,+3.35
211,East Carolina,Amer,14-14,-2.80,103.8,106.6,67.5,+.048,-1.14,105.1,106.2,-8.49
212,Queens,ASun,18-14,-2.88,108.1,110.9,70.3,+.019,-3.02,104.6,107.7,-3.20
213,Georgetown,BE,7-23,-2.90,105.2,108.1,69.1,-.065,+7.42,109.9,102.5,-5.16
214,Saint Joseph's,A10,13-16,-2.96,104.2,107.2,69.7,-.018,-1.77,104.9,106.7,-5.75
215,San Diego,WCC,11-19,-3.05,111.2,114.3,69.0,-.032,+2.91,108.0,105.1,-2.29
216,Northern Colorado,BSky,11-19,-3.42,108.2,111.6,69.8,-.020,-0.13,106.7,106.8,+5.93
217,George Washington,A10,15-14,-3.62,108.9,112.6,69.6,+.030,-2.53,103.6,106.1,-5.89
218,Texas St.,SB,13-18,-3.89,104.2,108.1,64.3,+.036,+0.39,105.0,104.6,-0.46
219,Northern Iowa,MVC,13-17,-4.04,103.7,107.7,67.6,-.012,-1.32,104.7,106.0,-2.08
220,Sacramento St.,BSky,14-17,-4.18,104.5,108.7,62.7,+.021,-0.30,106.0,106.3,+4.01
221,South Carolina,SEC,10-19,-4.24,104.2,108.4,64.4,+.050,+6.61,109.3,102.7,-3.08
222,Minnesota,B10,7-20,-4.29,101.2,105.5,65.8,+.004,+8.82,109.5,100.7,-6.90
223,FIU,CUSA,13-16,-4.35,102.5,106.8,70.7,+.013,-0.24,106.1,106.4,-8.06
224,Northern Arizona,BSky,9-22,-4.39,106.9,111.3,66.7,-.114,+1.20,107.0,105.8,+7.85
225,Delaware,CAA,16-15,-4.49,103.4,107.9,67.4,+.024,-3.63,104.2,107.8,-0.74
226,Wofford,SC,16-15,-4.80,109.5,114.3,65.6,+.011,-3.11,104.6,107.7,-1.10
227,North Florida,ASun,14-17,-4.81,110.5,115.3,68.3,+.012,-1.23,106.1,107.3,+6.53
228,La Salle,A10,13-16,-4.92,103.5,108.4,68.2,+.061,-1.28,104.8,106.1,-2.55
229,Robert Morris,Horz,15-16,-5.02,100.0,105.0,66.7,-.045,-5.28,103.6,108.8,-1.81
230,Jacksonville St.,ASun,13-18,-5.08,102.7,107.8,65.9,-.044,-1.26,105.9,107.2,+2.21
231,Milwaukee,Horz,20-10,-5.13,102.9,108.0,72.1,+.147,-4.99,104.0,109.0,+0.40
232,Murray St.,MVC,16-14,-5.39,106.4,111.8,67.0,+.115,-0.93,104.6,105.5,-1.19
233,Mercer,SC,13-18,-5.43,100.6,106.0,65.0,-.080,-3.27,105.0,108.3,-2.18
234,Purdue Fort Wayne,Horz,17-14,-5.45,101.5,107.0,69.3,+.028,-5.07,103.9,109.0,-1.27
235,East Tennessee St.,SC,12-19,-5.46,102.0,107.4,66.3,-.113,-4.15,104.8,108.9,-4.44
236,Jacksonville,ASun,13-16,-5.61,100.6,106.2,61.4,-.009,-0.70,106.7,107.4,+5.81
237,Campbell,BSth,13-17,-5.61,103.7,109.4,64.5,-.077,-4.60,103.3,107.9,-1.42
238,Portland St.,BSky,12-18,-5.62,103.7,109.3,72.7,+.018,+0.12,106.5,106.3,+5.25
239,Rhode Island,A10,8-20,-5.74,98.9,104.6,67.4,-.041,-0.31,104.8,105.1,-2.25
240,UT Arlington,WAC,11-18,-5.76,99.9,105.6,66.0,+.016,+2.36,106.0,103.7,+3.87
241,Morehead St.,OVC,21-10,-6.02,101.3,107.4,63.7,+.159,-6.86,102.9,109.8,+4.94
242,Winthrop,BSth,15-16,-6.05,109.4,115.5,67.1,+.038,-3.15,104.2,107.3,+2.95
243,Northern Illinois,MAC,12-17,-6.06,101.6,107.6,69.6,-.009,-1.55,105.7,107.3,+2.31
244,Howard,MEAC,18-12,-6.06,103.2,109.3,69.3,+.100,-5.41,102.2,107.6,+0.20
245,North Alabama,ASun,18-13,-6.08,107.0,113.0,68.8,+.124,-2.94,104.5,107.5,-0.27
246,Idaho St.,BSky,11-20,-6.09,102.5,108.6,65.5,-.082,-2.25,105.3,107.6,-1.75
247,UT Rio Grande Valley,WAC,15-15,-6.16,104.4,110.5,73.0,+.086,-0.34,105.9,106.2,-4.58
248,Maryland Eastern Shore,MEAC,16-12,-6.29,96.1,102.4,69.3,+.075,-4.11,103.3,107.4,+4.77
249,SIU Edwardsville,OVC,18-13,-6.31,100.9,107.2,69.7,-.002,-7.83,102.5,110.3,-0.64
250,Alcorn St.,SWAC,16-12,-6.33,103.7,110.0,67.6,+.143,-4.65,100.4,105.1,+8.75
251,Western Carolina,SC,17-14,-6.36,102.8,109.2,68.1,+.064,-3.82,104.4,108.3,-3.77
252,Army,Pat,16-15,-6.43,104.0,110.4,68.7,-.065,-8.78,100.2,109.0,-8.70
253,Nicholls St.,Slnd,15-14,-6.47,100.9,107.4,70.9,+.020,-4.44,105.1,109.6,+14.30
254,UMBC,AE,17-13,-6.56,107.0,113.6,68.0,+.032,-7.97,101.5,109.5,-8.18
255,Canisius,MAAC,9-19,-6.90,103.1,110.0,67.5,-.074,-2.35,104.1,106.5,+3.63
256,Southeastern Louisiana,Slnd,17-13,-7.18,105.3,112.5,68.8,+.067,-6.05,103.5,109.5,+5.62
257,Loyola Chicago,A10,9-19,-7.34,101.4,108.7,66.4,-.033,+0.16,105.7,105.5,-4.42
258,Niagara,MAAC,15-13,-7.40,101.5,108.9,63.2,+.094,-5.48,102.1,107.6,-4.80
259,Fairfield,MAAC,12-17,-7.48,98.9,106.3,65.2,-.009,-4.37,102.4,106.7,-1.49
260,Southern,SWAC,14-15,-7.63,97.5,105.2,71.5,+.004,-5.53,101.5,107.1,+8.17
261,Western Illinois,Sum,16-13,-7.67,104.0,111.7,67.1,+.080,-4.65,104.8,109.5,-3.01
262,USC Upstate,BSth,15-14,-7.72,99.1,106.8,68.3,+.093,-3.64,104.5,108.1,+2.05
263,California,P12,3-26,-7.74,98.6,106.3,63.4,-.106,+8.14,108.8,100.6,+1.35
264,Bellarmine,ASun,15-17,-7.87,102.8,110.7,62.3,+.085,-0.32,106.7,107.0,+5.79
265,Southern Indiana,OVC,16-15,-7.89,104.9,112.8,69.7,-.019,-7.69,102.2,109.9,-0.95
266,Prairie View A&M,SWAC,12-18,-8.09,94.8,102.9,68.2,-.065,-5.41,101.6,107.1,+5.60
267,Tennessee Martin,OVC,18-13,-8.32,102.7,111.0,71.6,+.037,-8.43,101.8,110.2,-1.99
268,UC San Diego,BW,10-20,-8.34,102.4,110.7,66.4,+.030,+0.20,105.3,105.1,+1.83
269,Southeast Missouri St.,OVC,15-16,-8.55,101.0,109.6,72.6,+.005,-6.85,102.4,109.3,+1.22
270,Illinois St.,MVC,11-20,-8.61,101.8,110.4,65.0,-.019,-3.95,103.4,107.3,-7.21
271,North Dakota,Sum,12-19,-8.65,102.7,111.4,67.5,-.028,-3.35,105.0,108.3,-0.09
272,Valparaiso,MVC,11-20,-8.66,100.3,108.9,68.0,-.012,-2.32,104.5,106.8,-4.21
273,Oakland,Horz,13-18,-8.77,103.4,112.2,68.6,+.053,-2.55,105.3,107.8,+5.69
274,Dartmouth,Ivy,9-18,-8.83,98.5,107.4,68.8,-.013,-1.21,104.9,106.1,-3.39
275,Bowling Green,MAC,10-19,-8.91,104.7,113.6,70.0,-.070,-3.38,105.2,108.6,-5.10
276,Georgia St.,SB,10-20,-8.93,98.1,107.0,67.1,-.071,-1.14,104.2,105.4,-5.43
277,Chicago St.,ind,11-18,-8.94,103.1,112.0,64.4,-.073,-1.35,105.6,106.9,+0.68
278,Boston University,Pat,15-16,-8.96,98.9,107.8,65.8,+.013,-7.06,101.4,108.4,-4.63
279,Miami OH,MAC,11-18,-8.96,104.2,113.2,67.5,-.036,-2.92,105.4,108.3,-1.46
280,Maine,AE,12-16,-8.98,100.4,109.3,66.2,-.028,-4.48,102.9,107.4,-0.07
281,Louisville,ACC,4-25,-9.04,102.0,111.1,67.3,-.044,+6.02,109.2,103.2,+2.25
282,Lehigh,Pat,16-13,-9.12,98.5,107.6,69.7,+.097,-6.62,102.2,108.8,-2.03
283,Lafayette,Pat,9-22,-9.15,95.5,104.7,62.9,-.087,-3.85,104.3,108.2,+3.09
284,Louisiana Monroe,SB,11-20,-9.19,98.6,107.8,66.2,-.018,+0.91,106.0,105.1,+0.95
285,Coastal Carolina,SB,11-19,-9.19,104.7,113.9,68.6,+.018,-0.61,105.4,106.0,-2.52
286,Denver,Sum,15-16,-9.53,101.4,110.9,68.9,+.033,-6.22,104.0,110.2,-8.11
287,Mount St. Mary's,MAAC,11-19,-9.59,97.8,107.4,66.2,-.003,-4.39,102.6,107.0,-2.23
288,American,Pat,15-14,-9.68,101.3,110.9,63.2,+.036,-8.49,101.2,109.6,-8.60
289,Tennessee St.,OVC,18-13,-9.71,101.5,111.2,71.0,+.020,-10.22,100.8,111.0,-8.88
290,Cal St. Bakersfield,BW,10-19,-9.81,98.2,108.0,63.4,-.007,-1.28,103.9,105.1,+0.09
291,Illinois Chicago,MVC,12-19,-9.98,98.4,108.4,69.5,+.019,-3.71,102.6,106.3,-10.21
292,New Hampshire,AE,13-14,-10.06,97.9,107.9,64.9,+.029,-6.02,102.8,108.9,-5.35
293,South Dakota,Sum,12-18,-10.09,104.0,114.1,66.4,-.001,-2.77,104.6,107.4,+2.25
294,Tennessee Tech,OVC,15-16,-10.30,101.8,112.1,67.1,+.029,-7.02,101.9,108.9,+1.77
295,Morgan St.,MEAC,15-14,-10.55,95.7,106.2,71.1,+.083,-4.80,103.3,108.1,+1.84
296,Idaho,BSky,10-21,-10.59,103.4,114.0,65.9,-.056,-3.56,104.6,108.2,-6.25
297,High Point,BSth,14-16,-10.84,101.4,112.3,71.7,+.069,-5.20,103.5,108.7,-4.30
298,UMKC,Sum,11-20,-10.89,97.2,108.1,64.0,-.008,-2.77,105.7,108.4,+1.86
299,Arkansas St.,SB,12-19,-10.89,99.5,110.4,63.8,+.006,-3.00,103.6,106.7,-10.32
300,Marist,MAAC,10-17,-10.92,97.1,108.0,65.8,-.034,-7.57,100.5,108.1,-10.23
301,Texas A&M Commerce,Slnd,13-18,-10.96,101.1,112.1,65.5,+.048,-6.29,103.4,109.7,+1.73
302,UTSA,CUSA,9-21,-10.99,102.7,113.7,69.2,+.023,+1.32,105.7,104.4,-6.23
303,Manhattan,MAAC,11-16,-11.05,99.1,110.2,67.2,+.043,-5.52,102.1,107.6,-6.67
304,Eastern Michigan,MAC,8-21,-11.11,103.1,114.2,69.6,-.015,-1.04,106.7,107.8,-0.54
305,Charleston Southern,BSth,9-20,-11.22,107.2,118.4,65.7,-.097,-3.76,103.7,107.4,+0.89
306,Jackson St.,SWAC,11-18,-11.36,100.5,111.9,68.4,+.058,-3.77,101.9,105.7,+9.88
307,Bucknell,Pat,12-19,-11.39,99.4,110.8,67.3,-.053,-8.14,100.3,108.5,-8.00
308,Texas Southern,SWAC,11-19,-11.42,96.1,107.5,69.6,+.007,-4.43,101.9,106.3,+10.84
309,Northeastern,CAA,10-19,-11.79,98.2,110.0,67.2,+.006,-3.96,103.2,107.1,-1.71
310,Binghamton,AE,12-16,-11.84,99.7,111.6,66.6,+.020,-6.20,103.0,109.2,-5.41
311,Alabama A&M,SWAC,13-16,-11.84,96.9,108.8,69.3,-.025,-8.78,100.1,108.9,+1.82
312,Tulsa,Amer,5-23,-11.85,99.8,111.6,68.4,-.048,+3.59,107.3,103.7,-3.25
313,Cal Poly,BW,7-23,-11.90,93.9,105.8,64.1,-.096,-0.39,104.9,105.2,-0.54
314,North Carolina A&T,CAA,13-18,-12.10,99.6,111.7,70.1,+.057,-3.63,103.1,106.8,+5.15
315,Wagner,NEC,15-12,-12.14,94.9,107.0,62.2,+.025,-13.01,97.7,110.7,-3.11
316,Merrimack,NEC,15-16,-12.41,89.3,101.7,66.5,+.030,-10.09,100.4,110.5,+1.38
317,Saint Peter's,MAAC,11-16,-12.80,96.3,109.1,63.3,+.047,-5.73,101.6,107.3,-8.74
318,Western Michigan,MAC,7-22,-12.83,103.7,116.5,66.1,-.048,-0.36,105.7,106.1,+1.12
319,The Citadel,SC,10-21,-12.84,99.7,112.6,67.5,-.003,-3.18,105.0,108.2,-3.30
320,Arkansas Pine Bluff,SWAC,10-19,-12.99,96.5,109.5,69.8,-.053,-3.97,100.9,104.9,+14.01
321,Fairleigh Dickinson,NEC,17-14,-13.03,106.5,119.5,69.6,+.035,-13.35,97.3,110.6,-7.27
322,Cal St. Northridge,BW,7-23,-13.06,97.3,110.4,65.5,+.005,-1.17,104.4,105.5,-2.84
323,Nebraska Omaha,Sum,8-22,-13.19,101.5,114.6,68.0,+.006,-0.50,106.0,106.5,+8.23
324,William & Mary,CAA,12-19,-13.20,100.4,113.6,65.6,+.051,-4.36,103.5,107.9,+1.09
325,Little Rock,OVC,10-21,-13.42,102.4,115.9,71.2,-.025,-7.24,102.1,109.3,-0.59
326,Central Michigan,MAC,10-19,-13.61,93.8,107.4,67.4,+.036,-2.72,105.7,108.4,-1.52
327,Loyola MD,Pat,12-19,-13.88,99.4,113.3,66.0,+.018,-6.66,101.9,108.5,-4.38
328,Austin Peay,ASun,9-22,-13.96,97.4,111.4,65.0,-.058,-2.22,105.9,108.1,+0.69
329,Elon,CAA,8-23,-14.44,98.3,112.7,66.3,-.028,-4.07,102.9,106.9,-1.47
330,NJIT,AE,7-21,-14.88,97.5,112.3,66.6,-.056,-6.17,103.6,109.8,-5.36
331,Sacred Heart,NEC,15-16,-15.04,97.0,112.0,70.0,+.030,-13.64,97.3,110.9,-7.97
332,Stony Brook,CAA,10-21,-15.17,96.9,112.1,64.2,+.021,-4.04,102.9,106.9,+1.48
333,Stonehill,NEC,14-17,-15.17,95.3,110.5,66.5,+.072,-10.13,99.4,109.6,-0.20
334,Central Arkansas,ASun,9-22,-15.32,99.0,114.4,72.5,+.059,-2.64,105.3,107.9,-1.56
335,Incarnate Word,Slnd,12-18,-15.74,97.4,113.2,67.0,+.013,-8.81,101.8,110.6,-2.54
336,McNeese St.,Slnd,8-22,-15.81,98.6,114.4,66.5,-.026,-5.03,104.2,109.2,+6.83
337,South Carolina St.,MEAC,5-24,-15.89,100.2,116.0,71.9,-.043,-1.97,105.1,107.0,+4.40
338,New Orleans,Slnd,10-18,-16.13,98.6,114.8,71.3,-.006,-7.68,103.1,110.8,+1.69
339,Lindenwood,OVC,11-20,-16.18,96.8,112.9,66.7,+.005,-6.66,102.7,109.3,+1.87
340,Hampton,CAA,8-23,-16.20,98.3,114.5,69.1,+.006,-4.22,103.7,107.9,-1.75
341,Central Connecticut,NEC,10-21,-16.25,97.8,114.1,64.5,-.059,-11.31,98.1,109.4,-4.39
342,St. Francis PA,NEC,12-17,-16.43,101.0,117.4,68.9,-.016,-11.48,98.3,109.8,-0.63
343,Coppin St.,MEAC,8-22,-16.48,99.8,116.3,72.0,+.068,-1.88,104.3,106.1,+4.10
344,Holy Cross,Pat,10-21,-16.80,95.0,111.8,69.2,+.014,-7.02,101.1,108.1,-5.99
345,Eastern Illinois,OVC,9-22,-16.98,94.4,111.4,68.2,+.005,-7.84,102.5,110.4,-3.05
346,Alabama St.,SWAC,8-21,-17.02,94.6,111.6,66.3,+.004,-5.62,101.6,107.3,+7.68
347,Columbia,Ivy,7-21,-17.04,94.8,111.8,69.9,+.014,-2.75,103.5,106.2,-7.00
348,Houston Christian,Slnd,10-20,-17.11,104.4,121.5,70.7,-.019,-7.27,103.1,110.4,+0.39
349,Presbyterian,BSth,5-26,-17.25,94.4,111.6,64.9,-.101,-4.76,104.1,108.8,-4.09
350,Albany,AE,8-22,-17.40,99.4,116.8,67.3,-.029,-4.26,103.5,107.8,+0.07
351,Evansville,MVC,5-26,-17.90,92.3,110.2,69.8,-.003,-1.46,104.7,106.1,-1.30
352,Bethune Cookman,SWAC,11-19,-17.95,96.0,113.9,68.8,+.048,-7.23,101.6,108.8,-0.66
353,Monmouth,CAA,6-25,-19.13,92.7,111.8,68.5,+.010,-1.32,104.9,106.2,+5.45
354,Mississippi Valley St.,SWAC,5-25,-19.19,93.8,113.0,67.5,-.017,-2.68,103.0,105.7,+9.31
355,VMI,SC,7-24,-19.37,98.8,118.2,66.7,+.002,-2.56,105.1,107.7,-2.59
356,Florida A&M,SWAC,7-21,-19.45,89.9,109.3,65.0,+.003,-3.67,102.7,106.3,+13.36
357,Delaware St.,MEAC,6-22,-19.49,93.6,113.0,67.6,+.018,-4.31,103.1,107.5,+1.31
358,Lamar,Slnd,9-21,-20.75,95.6,116.3,66.2,+.013,-7.99,102.7,110.7,-1.76
359,St. Francis NY,NEC,14-15,-20.91,90.4,111.3,66.4,+.093,-14.36,97.7,112.1,-9.20
360,IUPUI,Horz,5-26,-22.44,96.1,118.6,67.4,-.068,-5.38,103.5,108.8,-6.31
361,Green Bay,Horz,3-28,-26.24,91.2,117.4,65.6,+.028,-2.55,104.9,107.5,+1.93
362,Hartford,ind,5-23,-29.53,90.1,119.7,65.7,-.039,-9.32,100.5,109.8,-9.32
363,LIU,NEC,3-25,-30.54,86.5,117.0,72.3,-.024,-8.94,100.5,109.5,+5.62
